File,Line,Broken URL,Correct URL (TO BE FILLED),Alt Text,Notes
app/best-citation-building-services/page.tsx,71,https://www.linkio.com/wp-content/uploads/2020/04/lcm_1586210597.png,,Submitshop logo,
app/best-citation-building-services/page.tsx,81,https://www.linkio.com/wp-content/uploads/2020/04/lcm_1586210007.png,,SEOlutions logo,
app/best-citation-building-services/page.tsx,91,https://www.linkio.com/wp-content/uploads/2020/04/lcm_1586212195.png,,Local Citation,
app/best-citation-building-services/page.tsx,101,https://www.linkio.com/wp-content/uploads/2020/04/lcm_1586300137.png,,MarketersCenter,
app/best-citation-building-services/page.tsx,111,https://www.linkio.com/wp-content/uploads/2020/04/lcm_1586211015.webp,,Greenix Marketing,
app/best-citation-building-services/page.tsx,121,https://www.linkio.com/wp-content/uploads/2020/04/citation_submission1586299221.png,,Citation submission,
app/best-citation-building-services/page.tsx,131,https://www.linkio.com/wp-content/uploads/2020/04/lcm_1586302893.png,,Citation Building,
app/best-citation-building-services/page.tsx,141,https://www.linkio.com/wp-content/uploads/2020/04/rsseo1586737647.png,,Tistasoft logo,
app/best-citation-building-services/page.tsx,151,https://www.linkio.com/wp-content/uploads/2020/04/lcm_1586203123.svg,,RS Seo Solution,
app/best-citation-building-services/page.tsx,161,https://www.linkio.com/wp-content/uploads/2020/04/lcm_1586201781.jpg,,Bright Local logo,
app/best-citation-building-services/page.tsx,178,https://www.linkio.com/wp-content/uploads/2020/04/lcm_1586202261.png,,Service logo,
app/best-citation-building-services/page.tsx,182,https://www.linkio.com/wp-content/uploads/2020/04/lcm_1586202780.png,,Service logo,
app/best-citation-building-services/page.tsx,186,https://www.linkio.com/wp-content/uploads/2020/04/lcm_1586203933.png,,Service logo,
app/best-citation-building-services/page.tsx,190,https://www.linkio.com/wp-content/uploads/2020/04/lcm_1586204341.png,,Service logo,
app/best-citation-building-services/page.tsx,194,https://www.linkio.com/wp-content/uploads/2020/04/lcm_1586205371.png,,Service logo,
app/best-citation-building-services/page.tsx,198,https://www.linkio.com/wp-content/uploads/2020/04/lcm_1586206343.png,,Service logo,
app/best-email-finders/page.tsx,17,https://www.linkio.com/wp-content/uploads/2024/03/best-email-finders-featured.png,,Best Email Finder Tools Comparison Guide,Hero image
app/best-email-finders/page.tsx,127,https://www.linkio.com/wp-content/uploads/2024/03/hunter-email-finder-interface.png,https://www.linkio.com/wp-content/uploads/2021/05/hunter-homepage1622140884.jpg,Hunter email finder interface and features,You said this one exists!
app/best-email-finders/page.tsx,260,https://www.linkio.com/wp-content/uploads/2024/03/email-finder-tools-comparison.png,,Email finder tools feature comparison chart,
app/best-email-finders/page.tsx,486,https://www.linkio.com/wp-content/uploads/2024/03/email-finder-pricing-comparison.png,,Email finder tools pricing comparison table,
app/best-email-finders/page.tsx,692,https://www.linkio.com/wp-content/uploads/2024/03/best-email-finder-features.png,,Email finder tools feature comparison,