Website Name,Website URL,Submit URL,DA,DR,Monthly Organic Traffic,Traffic,Automotive,Business,Careers,Dating,Dental,Design,Diet,Education,Entertainment,Faith,Family,Fashion,Finance,Fitness,Food,General,Health,Home,Insurance,Legal,Lifestyle,Marketing,Mommy Blogs,Music,News,Outdoors,Pets,Photography,Politics,Real Estate,Sales,Self Improvement,Shopping,Sports,Technology,Travel,Web Design,Wedding,Women
zillow.com,https://www.zillow.com/,,86,91,37379650.19,Very Very High,,,,,,,,,,,,,,,,,,,,,,,,,,,,,,x,,,,,,,,,
realtor.com,https://www.realtor.com/,,90,90,22412827.69,Very Very High,,,,,,,,,,,,,,,,,,,,,,,,,,,,,,x,,,,,,,,,
trulia.com,https://www.trulia.com/,,85,87,10574583.41,Very Very High,,,,,,,,,,,,,,,,,,,,,,,,,,,,,,x,,,,,,,,,
mailchimp.com,https://mailchimp.com/experts/,,90,93,6319946.87,Very Very High,,,,,,,,,,,,,,,,,,,,,,x,,,,,,,,,,,,,,,,,
drudgereport.com,http://www.drudgereport.com/,,73,77,4934795.04,Very Very High,,,,,,,,,,,,,,,,,,,,,,,,,x,,,,,,,,,,,,,,
theknot.com,https://www.theknot.com/,,85,90,4910265.06,Very Very High,,,,,,,,,,,,,,,,,,,,,,,,,,,,,,,,,,,,,,x,
lonelyplanet.com,https://www.lonelyplanet.com/,,92,90,3855354.73,Very Very High,,,,,,,,,,,,,,,,,,,,,,,,,,,,,,,,,,,,x,,,
loopnet.com,https://www.loopnet.com/,,66,84,2624353.77,Very Very High,,,,,,,,,,,,,,,,,,,,,,,,,,,,,,x,,,,,,,,,
local.com,http://www.local.com/,,60,81,2313176.64,Very Very High,,x,,,,,,,,,,,,,,,,,,,,,,,,,,,,,,,,,,,,,
healthdirect.gov.au,https://www.healthdirect.gov.au/,,64,82,2290972.28,Very Very High,,,,,,,,,,,,,,,,,x,,,,,,,,,,,,,,,,,,,,,,
viator.com,https://www.viator.com/,,80,85,2168284.12,Very Very High,,,,,,,,,,,,,,,,,,,,,,,,,,,,,,,,,,,,x,,,
movoto.com,https://www.movoto.com/,,70,76,2102366.79,Very Very High,,,,,,,,,,,,,,,,,,,,,,,,,,,,,,x,,,,,,,,,
homes.com,https://www.homes.com/,,67,77,2004075.05,Very Very High,,,,,,,,,,,,,,,,,,,,,,,,,,,,,,x,,,,,,,,,
nolo.com,https://www.nolo.com/,,72,85,1775116.48,Very Very High,,,,,,,,,,,,,,,,,,,,x,,,,,,,,,,,,,,,,,,,
hotpads.com,https://hotpads.com/,,71,73,1725060.52,Very Very High,,,,,,,,,,,,,,,,,,,,,,,,,,,,,,x,,,,,,,,,
har.com,https://www.har.com/,,65,81,1482966.4,Very Very High,,,,,,,,,,,,,,,,,,,,,,,,,,,,,,x,,,,,,,,,
hubspot.com,https://www.hubspot.com/agencies,https://legacydocs.hubspot.com/docs/methods/forms/submit_form,92,92,1332574.97,Very Very High,,,,,,,,,,,,,,,,,,,,,,x,,,,,,,,,,,,,,,,,
active.com,https://www.active.com/,,77,89,1288380.87,Very Very High,,,,,,,,,,,,,,,,,,,,,,,,,,,,,,,,,,x,,,,,
g2.com,https://www.g2.com/categories/marketing-services,https://www.g2.com/products/submit-com/competitors/alternatives,65,88,1245526.67,Very Very High,,,,,,,,,,,,,,,,,,,,,,x,,,,,,,,,,,,,,,,,
clutch.co,https://clutch.co/,https://clutch.co/review/submit,62,86,866416.64,Very Very High,,,,,,,,,,,,,,,,,,,,,,x,,,,,,,,,,,,,,,,,
landwatch.com,https://www.landwatch.com/,,52,65,809150.05,Very Very High,,,,,,,,,,,,,,,,,,,,,,,,,,,,,,x,,,,,,,,,
avvo.com,https://www.avvo.com/,,69,90,799903.69,Very Very High,,,,,,,,,,,,,,,,,,,,x,,,,,,,,,,,,,,,,,,,
eventective.com,https://www.eventective.com/,,51,71,792659.14,Very Very High,,,,,,,,,,,,,,,,,,,,,,,,,,,,,,,,,,,,,,x,
gatwickairport.com,https://www.gatwickairport.com/,,67,78,787257.54,Very Very High,,,,,,,,,,,,,,,,,,,,,,,,,,,,,,,,,x,,,,,,
justia.com,https://www.justia.com/,,90,88,756043.5,Very Very High,,,,,,,,,,,,,,,,,,,,x,,,,,,,,,,,,,,,,,,,
rentals.com,https://www.rentals.com/,,51,61,717701,Very Very High,,,,,,,,,,,,,,,,,,,,,,,,,,,,,,x,,,,,,,,,
newspapers.com,https://www.newspapers.com/,,72,80,679471.78,Very Very High,,,,,,,,,,,,,,,,,,,,,,,,,x,,,,,,,,,,,,,,
hg.org,https://www.hg.org/,,65,79,478569.22,Very Very High,,,,,,,,,,,,,,,,,,,,x,,,,,,,,,,,,,,,,,,,
awwwards.com,https://www.awwwards.com/directory/,https://www.awwwards.com/submit/,73,87,423195.7,Very Very High,,,,,,,,,,,,,,,,,,,,,,x,,,,,,,,,,,,,,,,,
wmich.edu,https://wmich.edu/career/directory,https://wmich.edu/news/submit,76,80,416695.18,Very Very High,,,x,,,,,,,,,,,,,,,,,,,,,,,,,,,,,,,,,,,,
realtytrac.com,https://www.realtytrac.com/,,66,75,396913.16,Very Very High,,,,,,,,,,,,,,,,,,,,,,,,,,,,,,x,,,,,,,,,
freeclinics.com,https://www.freeclinics.com/,,44,53,330018.5,Very Very High,,,,,,,,,,,,,,,,,,,,,,,,,,,,,,,,,,,,,,,
drexel.edu,https://drexel.edu/facilities/,http://drexel.edu/events/submit/event/,81,83,324838.82,Very Very High,,,,,,,,,,,,,,,,,,,,,,,,,,,,,,x,,,,,,,,,
precisionnutrition.com,https://www.precisionnutrition.com/certified-coach-directory,,66,78,298048.38,Very Very High,,,,,,,,,,,,,,x,,,,,,,,,,,,,,,,,,,,,,,,,
ala.org,http://www.ala.org/alcts/resources/preservation/educationdirectory,http://www.ala.org/aasl/pubs/slr/submit,84,86,261465.29,Very Very High,,,,,,,,x,,,,,,,,,,,,,,,,,,,,,,,,,,,,,,,
kompass.com,https://us.kompass.com/,https://in.kompass.com/c/submit-in-me/in899363/,66,76,242764.68,Very Very High,,x,,,,,,,,,,,,,,,,,,,,,,,,,,,,,,,,,,,,,
homesandland.com,https://www.homesandland.com/,,56,72,214608.14,Very Very High,,,,,,,,,,,,,,,,,,,,,,,,,,,,,,x,,,,,,,,,
cylex.us.com,https://www.cylex.us.com/,,52,70,214224.72,Very Very High,,x,,,,,,,,,,,,,,,,,,,,,,,,,,,,,,,,,,,,,
mallofamerica.com,https://www.mallofamerica.com/,,67,73,212836.56,Very Very High,,,,,,,,,,,,,,,,,,,,,,,,,,,,,,,,,x,,,,,,
roadtrippers.com,https://roadtrippers.com/,,73,79,206564.61,Very Very High,,,,,,,,,,,,,,,,,,,,,,,,,,,,,,,,,,,,x,,,
martindale.com,https://www.martindale.com/,,66,85,205284.69,Very Very High,,,,,,,,,,,,,,,,,,,,x,,,,,,,,,,,,,,,,,,,
upcity.com,https://upcity.com/,,50,82,191960.34,Very Very High,,,,,,,,,,,,,,,,,,,,,,x,,,,,,,,,,,,,,,,,
engineering.com,https://www.engineering.com/,,76,77,191149.41,Very Very High,,,,,,,,,,,,,,,,,,,,,,,,,,,,,,,,,,,x,,,,
elementaryschools.org,https://elementaryschools.org/,,40,53,185171.77,Very Very High,,,,,,,,x,,,,,,,,,,,,,,,,,,,,,,,,,,,,,,,
deltadentalins.com,https://www.deltadentalins.com/,,59,77,177006.31,Very Very High,,,,,,,,,,,,,,,,,,,,,,,,,,,,,,,,,,,,,,,
freedentalcare.us,https://www.freedentalcare.us/,,40,44,165476.76,Very Very High,,,,,x,,,,,,,,,,,,,,,,,,,,,,,,,,,,,,,,,,
sportsengine.com,https://www.sportsengine.com/,,59,74,155293.55,Very Very High,,,,,,,,,,,,,,,,,,,,,,,,,,,,,,,,,,x,,,,,
shopandship.com,https://www.shopandship.com/en/home,,44,60,140073.4,Very Very High,,,,,,,,,,,,,,,,,,,,,,,,,,,,,,,,,x,,,,,,
fotosearch.com,https://www.fotosearch.com/,https://www.fotosearch.com/clip-art/submit.html,69,74,125128.15,Very Very High,,,,,,,,,,,,,,,,,,,,,,,,,,,,x,,,,,,,,,,,
dmagazine.com,https://directory.dmagazine.com/,,75,81,110570.73,Very Very High,,,,,,,,,,,,,,,,,,,,,,,,,,,,,,x,,,,,,,,,
estatesales.org,https://estatesales.org/,,53,70,109740.08,Very Very High,,,,,,,,,,,,,,,,,,,,,,,,,,,,,,x,,,,,,,,,
legaldirectories.com,https://www.legaldirectories.com/,,47,52,108969.97,Very Very High,,,,,,,,,,,,,,,,,,,,x,,,,,,,,,,,,,,,,,,,
wholesalecentral.com,https://www.wholesalecentral.com/Automotive.html,,49,70,102388.36,Very Very High,x,,,,,,,,,,,,,,,,,,,,,,,,,,,,,,,,,,,,,,
educationcorner.com,https://www.educationcorner.com/,,50,63,98768.93,Very High,,,,,,,,x,,,,,,,,,,,,,,,,,,,,,,,,,,,,,,,
edvisors.com,https://www.edvisors.com/,,62,71,92712.32,Very High,,,,,,,,x,,,,,,,,,,,,,,,,,,,,,,,,,,,,,,,
abyznewslinks.com,http://www.abyznewslinks.com/,,47,56,91206.04,Very High,,,,,,,,,,,,,,,,,,,,,,,,,x,,,,,,,,,,,,,,
dentalplans.com,https://www.dentalplans.com/,,59,72,87901.07,Very High,,,,,,,,,,,,,,,,,,,,,,,,,,,,,,,,,,,,,,,
adea.org,https://www.adea.org/,https://www.adea.org/2021/submit/,55,74,87655.18,Very High,,,,,x,,,,,,,,,,,,,,,,,,,,,,,,,,,,,,,,,,
insiderpages.com,http://www.insiderpages.com/,,58,79,83428.02,Very High,,x,,,,,,,,,,,,,,,,,,,,,,,,,,,,,,,,,,,,,
receptionhalls.com,https://www.receptionhalls.com/,,28,27,80523.52,Very High,,,,,,,,,,,,,,,,,,,,,,,,,,,,,,,,,,,,,,x,
landflip.com,https://www.landflip.com/,,41,48,77572.17,Very High,,,,,,,,,,,,,,,,,,,,,,,,,,,,,,x,,,,,,,,,
freeclinicdirectory.org,https://freeclinicdirectory.org/,,36,56,72695.79,Very High,,,,,,,,,,,,,,,,,,,,,,,,,,,,,,,,,,,,,,,
mondotimes.com,https://www.mondotimes.com/,,50,46,70255.38,Very High,,,,,,,,,,,,,,,,,,,,,,,,,x,,,,,,,,,,,,,,
thepaperboy.com,https://www.thepaperboy.com/,,51,53,68061.08,Very High,,,,,,,,,,,,,,,,,,,,,,,,,x,,,,,,,,,,,,,,
guidesforbrides.co.uk,https://www.guidesforbrides.co.uk/,,47,72,67607.79,Very High,,,,,,,,,,,,,,,,,,,,,,,,,,,,,,,,,,,,,,x,
alamoanacenter.com,https://www.alamoanacenter.com/en/directory/,,58,65,65933.93,Very High,,,,,,,,,,,,,,,,,,,,,,,,,,,,,,,,,x,,,,,,
learner.org,https://www.learner.org/,,77,78,62956.08,Very High,,,,,,,,x,,,,,,,,,,,,,,,,,,,,,,,,,,,,,,,
americantowns.com,https://www.americantowns.com/,,59,73,61945.61,Very High,,x,,,,,,,,,,,,,,,,,,,,,,,,,,,,,,,,,,,,,
ezlocal.com,https://ezlocal.com/,https://dashboard.ezlocal.com/newlisting/default.aspx,54,79,60687.7,Very High,,x,,,,,,,,,,,,,,,,,,,,,,,,,,,,,,,,,,,,,
efunda.com,https://www.efunda.com/home.cfm,,56,70,57148.45,Very High,,,,,,,,,,,,,,,,,,,,,,,,,,,,,,,,,,,x,,,,
stockvault.net,https://www.stockvault.net/,https://www.stockvault.net/free-photos/submit,66,77,56526.79,Very High,,,,,,,,,,,,,,,,,,,,,,,,,,,,x,,,,,,,,,,,
winmo.com,https://www.winmo.com/redbooks-agency-and-advertising-database/,https://www.winmo.com/open/agency/ca/glendale/submit-express/55919,45,57,49216.15,Very High,,,,,,,,,,,,,,,,,,,,,,x,,,,,,,,,,,,,,,,,
ibegin.com,https://www.ibegin.com/,https://www.ibegin.com/business-center/submit/,50,77,48138.29,Very High,,x,,,,,,,,,,,,,,,,,,,,,,,,,,,,,,,,,,,,,
1800dentist.com,https://www.1800dentist.com/,,50,72,48122.75,Very High,,,,,x,,,,,,,,,,,,,,,,,,,,,,,,,,,,,,,,,,
yext.com,https://www.yext.com/,,61,80,45900.24,Very High,,x,,,,,,,,,,,,,,,,,,,,,,,,,,,,,,,,,,,,,
judysbook.com,https://www.judysbook.com/,https://www.judysbook.com/BusinessCenter/ClaimBusiness.aspx,52,73,45291.1,Very High,,x,,,,,,,,,,,,,,,,,,,,,,,,,,,,,,,,,,,,,
science.co.il,https://www.science.co.il/education/,,57,63,43501.91,Very High,,,,,,,,x,,,,,,,,,,,,,,,,,,,,,,,,,,,,,,,
citysearch.com,http://www.citysearch.com/world,,74,85,42118.36,Very High,,x,,,,,,,,,,,,,,,,,,,,,,,,,,,,,,,,,,,,,
macraesbluebook.com,https://www.macraesbluebook.com/,,46,64,40173.85,Very High,,x,,,,,,,,,,,,,,,,,,,,,,,,,,,,,,,,,,,,,
dexigner.com,https://www.dexigner.com/directory/,https://www.dexigner.com/add/,68,76,40079.99,Very High,,,,,,x,,,,,,,,,,,,,,,,,,,,,,,,,,,,,,,,,
2findlocal.com,https://www.2findlocal.com/,,45,78,39856.32,Very High,,x,,,,,,,,,,,,,,,,,,,,,,,,,,,,,,,,,,,,,
fashionmodeldirectory.com,https://www.fashionmodeldirectory.com/,https://www.fashionmodeldirectory.com/submit/,68,58,39749.49,Very High,,,,,,,,,,,,x,,,,,,,,,,,,,,,,,,,,,,,,,,,
irvinespectrumcenter.com,https://www.irvinespectrumcenter.com/,,55,55,39048.89,Very High,,,,,,,,,,,,,,,,,,,,,,,,,,,,,,,,,x,,,,,,
callupcontact.com,https://www.callupcontact.com/,,47,71,38666.19,Very High,,x,,,,,,,,,,,,,,,,,,,,,,,,,,,,,,,,,,,,,
thefashionshow.com,https://www.thefashionshow.com/en.html,,59,54,38496.98,Very High,,,,,,,,,,,,x,,,,,,,,,,,,,,,,,,,,,,,,,,,
aapd.org,https://www.aapd.org/,https://annual.aapd.org/submit-now-to-speak-at-aapd-2020/,63,81,37394.63,Very High,,,,,x,,,,,,,,,,,,,,,,,,,,,,,,,,,,,,,,,,
cornell.edu,https://lawyers.law.cornell.edu/,https://guides.library.cornell.edu/ecommons/submit,93,91,35348.62,Very High,,,,,,,,,,,,,,,,,,,,x,,,,,,,,,,,,,,,,,,,
fitnesstrainer.com,https://fitnesstrainer.com/,,41,60,34837.13,Very High,,,,,,,,,,,,,,x,,,,,,,,,,,,,,,,,,,,,,,,,
adforum.com,https://www.adforum.com/agency,https://www.adforum.com/press/center/submit,63,73,33205,Very High,,,,,,,,,,,,,,,,,,,,,,x,,,,,,,,,,,,,,,,,
lakehomesusa.com,http://www.lakehomesusa.com/,,34,26,32101.67,Very High,,,,,,,,,,,,,,,,,,,,,,,,,,,,,,x,,,,,,,,,
findlaw.com,https://www.findlaw.com/,,82,90,29174.21,Very High,,,,,,,,,,,,,,,,,,,,x,,,,,,,,,,,,,,,,,,,
citysquares.com,https://citysquares.com/,https://citysquares.com/add_business,48,78,28628.27,Very High,,x,,,,,,,,,,,,,,,,,,,,,,,,,,,,,,,,,,,,,
superlawyers.com,https://www.superlawyers.com//,,60,88,28392.27,Very High,,,,,,,,,,,,,,,,,,,,x,,,,,,,,,,,,,,,,,,,
experienceavalon.com,https://www.experienceavalon.com/directory/,,49,55,27088.03,Very High,,,,,,,,,,,,,,,,,,,,,,,,,,,,,,,,,x,,,,,,
merchantcircle.com,https://www.merchantcircle.com/,,73,86,26647.67,Very High,,x,,,,,,,,,,,,,,,,,,,,,,,,,,,,,,,,,,,,,
fashiondistrict.org,https://fashiondistrict.org/shop/directory,https://fashiondistrict.org/submit-an-event,56,53,26563.53,Very High,,,,,,,,,,,,x,,,,,,,,,,,,,,,,,,,,,,,,,,,
thebestdesigns.com,https://www.thebestdesigns.com/,https://www.thebestdesigns.com/submit,53,71,26056.93,Very High,,,,,,,,,,,,,,,,,,,,,,,,,,,,,,,,,,,,,x,,
officialusa.com,https://www.officialusa.com/,https://www.officialusa.com/addurl.html,46,58,25253.34,Very High,,x,,,,,,,,,,,,,,,,,,,,,,,,,,,,,,,,,,,,,
agencyspotter.com,https://www.agencyspotter.com/,,44,61,25095.21,Very High,,,,,,,,,,,,,,,,,,,,,,x,,,,,,,,,,,,,,,,,
fashionsquare.com,https://www.fashionsquare.com/Directory,,56,58,24840.57,Very High,,,,,,,,,,,,x,,,,,,,,,,,,,,,,,,,,,,,,,,,
lawyerdb.org,http://www.lawyerdb.org/,,22,31,24291.67,Very High,,,,,,,,,,,,,,,,,,,,x,,,,,,,,,,,,,,,,,,,
fashionisland.com,https://www.fashionisland.com/directory,,54,59,22510.63,Very High,,,,,,,,,,,,x,,,,,,,,,,,,,,,,,,,,,,,,,,,
avjobs.com,https://www.avjobs.com/index.asp,,50,64,21852.46,Very High,,,x,,,,,,,,,,,,,,,,,,,,,,,,,,,,,,,,,,,,
rentalads.com,https://www.rentalads.com/,,35,51,21605.53,Very High,,,,,,,,,,,,,,,,,,,,,,,,,,,,,,x,,,,,,,,,
luxuryrealestate.com,https://www.luxuryrealestate.com/,,63,71,21376.43,Very High,,,,,,,,,,,,,,,,,,,,,,,,,,,,,,x,,,,,,,,,
weddingbee.com,https://www.weddingbee.com/,,69,72,20976.7,Very High,,,,,,,,,,,,,,,,,,,,,,,,,,,,,,,,,,,,,,x,
selfgrowth.com,https://www.selfgrowth.com/healthfitness.html,https://www.selfgrowth.com/submit_articles,62,79,19459.67,Very High,,,,,,,,,,,,,,x,,,,,,,,,,,,,,,,,,,,,,,,,
petdirectory.com.au,https://www.petdirectory.com.au/,,40,61,18125.07,Very High,,,,,,,,,,,,,,,,,,,,,,,,,,,x,,,,,,,,,,,,
theinvestingsite.com,https://www.theinvestingsite.com/,,18,16,17192.12,Very High,,,,,,,,,,,,,x,,,,,,,,,,,,,,,,,,,,,,,,,,
finduslocal.com,https://www.finduslocal.com/,,45,51,17126.01,Very High,,x,,,,,,,,,,,,,,,,,,,,,,,,,,,,,,,,,,,,,
fyple.com,https://www.fyple.com/,,39,68,17032.33,Very High,,x,,,,,,,,,,,,,,,,,,,,,,,,,,,,,,,,,,,,,
lakelandmom.com,https://lakelandmom.com/submit-directory-listing/,https://lakelandmom.com/submit-directory-listing/,30,24,16521.28,Very High,,,,,,,,,,,,,,,,,,,,,,,,,,,,,,,,,,,,,,,x
usnews.com,https://lawyers.usnews.com/,,93,91,16391.99,Very High,,,,,,,,,,,,,,,,,,,,x,,,,,,,,,,,,,,,,,,,
onlinenewspapers.com,http://www.onlinenewspapers.com/,,57,71,15847.51,Very High,,,,,,,,,,,,,,,,,,,,,,,,,x,,,,,,,,,,,,,,
10bestdesign.com,https://www.10bestdesign.com/web-design-directory/,,54,72,15837.82,Very High,,,,,,,,,,,,,,,,,,,,,,,,,,,,,,,,,,,,,x,,
lacartes.com,http://www.lacartes.com/,,51,71,14206.56,Very High,,x,,,,,,,,,,,,,,,,,,,,,,,,,,,,,,,,,,,,,
fashionplace.com,https://www.fashionplace.com/en/directory/map/,,43,40,13641.42,Very High,,,,,,,,,,,,x,,,,,,,,,,,,,,,,,,,,,,,,,,,
myyp.com,https://www.myyp.com/,,38,53,12663.78,Very High,,x,,,,,,,,,,,,,,,,,,,,,,,,,,,,,,,,,,,,,
aflglobal.com,https://www.aflglobal.com/Home.aspx,,43,63,12120.21,Very High,,,,,,,,,,,,,,,,,,,,,,,,,,,,,,,x,,,,,,,,
fashionfairmall.com,https://www.fashionfairmall.com/Directory,,45,29,12004.32,Very High,,,,,,,,,,,,x,,,,,,,,,,,,,,,,,,,,,,,,,,,
localstore.net,https://www.localstore.net/,,27,12,11932.94,Very High,,x,,,,,,,,,,,,,,,,,,,,,,,,,,,,,,,,,,,,,
botw.org,https://local.botw.org/,https://botw.org/helpcenter/howtosubmit.aspx,55,74,11645.14,Very High,,x,,,,,,,,,,,,,,,,,,,,,,,,,,,,,,,,,,,,,
musictory.com,http://www.musictory.com/,http://www.musictory.com/music/Illdisposed/Album/Submit,41,33,11268.19,Very High,,,,,,,,,,,,,,,,,,,,,,,,x,,,,,,,,,,,,,,,
aamusports.com,https://aamusports.com/index.aspx,,39,35,11055.36,Very High,,,,,,,,,,,,,,,,,,,,,,,,,,,,,,,,,,x,,,,,
aaaa.org,https://www.aaaa.org/,https://www.aaaa.org/submit-research-request/,59,76,10925.59,Very High,,,,,,,,,,,,,,,,,,,,,,x,,,,,,,,,,,,,,,,,
insurance-directories.com,http://www.insurance-directories.com/,,17,24,10606.65,Very High,,,,,,,,,,,,,,,,,,,x,,,,,,,,,,,,,,,,,,,,
siba.fi,http://www2.siba.fi/Kulttuuripalvelut/music.html,,53,67,10445.68,Very High,,,,,,,,,,,,,,,,,,,,,,,,x,,,,,,,,,,,,,,,
picsearch.com,https://www.picsearch.com/,,63,67,9791.93,High,,,,,,,,,,,,,,,,,,,,,,,,,,,,x,,,,,,,,,,,
freeadstime.org,https://www.freeadstime.org/,,33,41,9570.44,High,,,,,,,,,,,,,,,,x,,,,,,,,,,,,,,,,,,,,,,,
canadastop100.com,https://www.canadastop100.com/tcd/,,55,74,9250.59,High,,,x,,,,,,,,,,,,,,,,,,,,,,,,,,,,,,,,,,,,
lifecoach-directory.org.uk,https://www.lifecoach-directory.org.uk/,,48,68,8075.88,High,,,,,,,,,,,,,,,,,,,,,x,,,,,,,,,,,,,,,,,,
mygreencloset.com,https://mygreencloset.com/directory/,,34,36,7725.82,High,,,,,,,,,,,,,,,,,,,,,,,,,,,,,,,,,x,,,,,,
discoverourtown.com,http://www.discoverourtown.com/,,45,67,7562.3,High,,x,,,,,,,,,,,,,,,,,,,,,,,,,,,,,,,,,,,,,
designdirectory.com,https://www.designdirectory.com/?referral=C77navigation,,45,48,7501.18,High,,,,,,x,,,,,,,,,,,,,,,,,,,,,,,,,,,,,,,,,
realestateagent.com,https://www.realestateagent.com/,,40,35,7486.63,High,,,,,,,,,,,,,,,,,,,,,,,,,,,,,,x,,,,,,,,,
shopify.com,https://experts.shopify.com/,,93,94,7454.27,High,,,,,,,,,,,,,,,,,,,,,,x,,,,,,,,,,,,,,,,,
dsm4kids.com,https://dsm4kids.com/submit-directory/,https://dsm4kids.com/submit-a-story-or-photo/,24,12,7245.07,High,,,,,,,,,,,x,,,,,,,,,,,,,,,,,,,,,,,,,,,,
modelisto.com,https://modelisto.com/,,25,17,6968.22,High,,,,,,,,,,,,,,,,,,,,,,,,,,,,x,,,,,,,,,,,
smartguy.com,https://www.smartguy.com/,,40,68,6948.12,High,,x,,,,,,,,,,,,,,,,,,,,,,,,,,,,,,,,,,,,,
shopandbox.com,https://www.shopandbox.com/,,42,32,6904.79,High,,,,,,,,,,,,,,,,,,,,,,,,,,,,,,,,,x,,,,,,
glosfamiliesdirectory.org.uk,https://www.glosfamiliesdirectory.org.uk/kb5/gloucs/glosfamilies/home.page,,35,46,6697.35,High,,,,,,,,,,,x,,,,,,,,,,,,,,,,,,,,,,,,,,,,
nofas.org,http://www.nofas.org/resource-directory/,,55,69,6626.99,High,,,,,,,,,,,,,,,,,x,,,,,,,,,,,,,,,,,,,,,,
designmontreal.com,https://designmontreal.com/en/directory-designers,,47,54,5911.03,High,,,,,,x,,,,,,,,,,,,,,,,,,,,,,,,,,,,,,,,,
bizwiki.com,https://www.bizwiki.com/,https://www.bizwiki.com/add.htm,33,66,5864.11,High,,x,,,,,,,,,,,,,,,,,,,,,,,,,,,,,,,,,,,,,
wherezit.com,http://www.wherezit.com/,,39,60,5855.82,High,,x,,,,,,,,,,,,,,,,,,,,,,,,,,,,,,,,,,,,,
baystreetemeryville.com,https://www.baystreetemeryville.com/directory/,,47,39,5782.78,High,,,,,,,,,,,,,,,,,,,,,,,,,,,,,,,,,x,,,,,,
fizber.com,https://www.fizber.com/,,45,53,5769.91,High,,,,,,,,,,,,,,,,,,,,,,,,,,,,,,x,,,,,,,,,
collectionforsyth.com,https://collectionforsyth.com/directory,,32,28,5196.17,High,,,,,,,,,,,,,,,,,,,,,,,,,,,,,,,,,x,,,,,,
echochamber.com,https://echochamber.com/directory/,,34,33,5190.4,High,,,,,,x,,,,,,,,,,,,,,,,,,,,,,,,,,,,,,,,,
legaladvice.com,https://www.legaladvice.com/,,46,52,5076.95,High,,,,,,,,,,,,,,,,,,,,x,,,,,,,,,,,,,,,,,,,
thefoodiegeek.net,https://thefoodiegeek.net/food-directory/,,24,7,4918.08,High,,,,,,,,,,,,,,,x,,,,,,,,,,,,,,,,,,,,,,,,
shopdeerparktowncenter.com,https://shopdeerparktowncenter.com/Directory/,,44,30,4724.57,High,,,,,,,,,,,,,,,,,,,,,,,,,,,,,,,,,x,,,,,,
dentagama.com,https://dentagama.com/,,42,47,4568.59,High,,,,,,,,,,,,,,,,,,,,,,,,,,,,,,,,,,,,,,,
lawtally.com,https://lawtally.com/,https://lawtally.com/add-lawyer/,58,64,4467.8,High,,,,,,,,,,,,,,,,,,,,x,,,,,,,,,,,,,,,,,,,
educationdirectory.com.au,https://www.educationdirectory.com.au/,https://www.educationdirectory.com.au/advertise,14,0,4103.32,High,,,,,,,,x,,,,,,,,,,,,,,,,,,,,,,,,,,,,,,,
forensicfocus.com,https://www.forensicfocus.com/education,,55,57,4067.34,High,,,,,,,,x,,,,,,,,,,,,,,,,,,,,,,,,,,,,,,,
classiccat.net,https://www.classiccat.net/,,53,49,4013.66,High,,,,,,,,,,,,,,,,,,,,,,,,x,,,,,,,,,,,,,,,
wdoms.org,https://www.wdoms.org/,,46,64,3947.54,High,,,,,,,,x,,,,,,,,,,,,,,,,,,,,,,,,,,,,,,,
weddingvibe.com,https://weddingvibe.com/,https://weddingvibe.com/submit-deal-confirmed/,36,56,3892.78,High,,,,,,,,,,,,,,,,,,,,,,,,,,,,,,,,,,,,,,x,
entsweb.co.uk,https://www.entsweb.co.uk/,,35,41,3797.11,High,,,,,,,,,x,,,,,,,,,,,,,,,,,,,,,,,,,,,,,,
sldirectory.com,https://www.sldirectory.com/,,42,47,3707.83,High,,,,,,,,x,,,,,,,,,,,,,,,,,,,,,,,,,,,,,,,
marketo.com,https://launchpoint.marketo.com/,,75,86,3680.02,High,,,,,,,,,,,,,,,,,,,,,,x,,,,,,,,,,,,,,,,,
english-wedding.com,https://english-wedding.com/,,41,63,3669.26,High,,,,,,,,,,,,,,,,,,,,,,,,,,,,,,,,,,,,,,x,
myweddingguide.co.nz,https://www.myweddingguide.co.nz/,,16,37,3544.2,High,,,,,,,,,,,,,,,,,,,,,,,,,,,,,,,,,,,,,,x,
autoguide.net,http://www.autoguide.net/,,28,43,3443.53,High,x,,,,,,,,,,,,,,,,,,,,,,,,,,,,,,,,,,,,,,
labonline.com.au,https://www.labonline.com.au/,,39,49,3344.34,High,,,,,,,,,,,,,,,,,,,,,,,,,,,,,,,,,,,x,,,,
cpadirectory.com,https://cpadirectory.com/,,41,55,3300.35,High,,,,,,,,,,,,,x,,,,,,,,,,,,,,,,,,,,,,,,,,
ideafit.com,https://pro.ideafit.com/fitnessconnect,,65,77,3215.16,High,,,,,,,,,,,,,,x,,,,,,,,,,,,,,,,,,,,,,,,,
askaboutsports.com,http://askaboutsports.com/,,37,14,3152.89,High,,,,,,,,,,,,,,,,,,,,,,,,,,,,,,,,,,x,,,,,
downtowncs.com,https://downtowncs.com/dine/shopping-directory/,,39,44,3125.22,High,,,,,,,,,,,,,,,,,,,,,,,,,,,,,,,,,x,,,,,,
odp.org,http://odp.org/Home/Family/,,26,32,3107.82,High,,,,,,,,,,,x,,,,,,,,,,,,,,,,,,,,,,,,,,,,
insuranceagentnearme.directory,https://insuranceagentnearme.directory/,,13,6,3084.53,High,,,,,,,,,,,,,,,,,,,x,,,,,,,,,,,,,,,,,,,,
arounddb.com,http://www.arounddb.com/directory-category/pets/,,32,37,2983.04,High,,,,,,,,,,,,,,,,,,,,,,,,,,,x,,,,,,,,,,,,
yogadirectorycanada.com,http://www.yogadirectorycanada.com/index.html,http://www.yogadirectorycanada.com/community/submit-an-article/,26,44,2842.72,High,,,,,,,,,,,,,,x,,,,,,,,,,,,,,,,,,,,,,,,,
shopfashionsquaremall.com,https://www.shopfashionsquaremall.com/,,31,18,2712.22,High,,,,,,,,,,,,x,,,,,,,,,,,,,,,,,,,,,,,,,,,
usdirectory.com,https://usdirectory.com/,,37,54,2701.29,High,,x,,,,,,,,,,,,,,,,,,,,,,,,,,,,,,,,,,,,,
uscity.net,https://uscity.net/,https://signup.uscity.net/,43,73,2698.47,High,,x,,,,,,,,,,,,,,,,,,,,,,,,,,,,,,,,,,,,,
rauzulusstreet.com,http://www.rauzulusstreet.com/,,43,26,2646.24,High,,,,,,,,,,,,,,,,,,,,,,,,,,,,,,,,,,x,,,,,
warehamcrossing.com,https://www.warehamcrossing.com/directory/,,27,19,2645.83,High,,,,,,,,,,,,,,,,,,,,,,,,,,,,,,,,,x,,,,,,
headlinespot.com,http://www.headlinespot.com/,,43,38,2378.18,High,,,,,,,,,,,,,,,,,,,,,,,,,x,,,,,,,,,,,,,,
pridezillas.com,https://www.pridezillas.com/,https://www.pridezillas.com/submit-listing/,22,39,2323.21,High,,,,,,,,,,,,,,,,,,,,,,,,,,,,,,,,,,,,,,x,
akama.com,http://www.akama.com/,,32,40,2301.62,High,,x,,,,,,,,,,,,,,,,,,,,,,,,,,,,,,,,,,,,,
justgreatlawyers.com,https://www.justgreatlawyers.com/,,34,70,2194.62,High,,,,,,,,,,,,,,,,,,,,x,,,,,,,,,,,,,,,,,,,
attorneys.org,https://www.attorneys.org/,,19,40,2171.8,High,,,,,,,,,,,,,,,,,,,,x,,,,,,,,,,,,,,,,,,,
politicalresources.net,https://www.politicalresources.net/,,50,50,2060.22,High,,,,,,,,,,,,,,,,,,,,,,,,,,,,,x,,,,,,,,,,
familyfriendlysites.com,https://familyfriendlysites.com/,https://familyfriendlysites.com/ffAddLink.asp,35,59,2026.09,High,,,,,,,,,,,x,,,,,,,,,,,,,,,,,,,,,,,,,,,,
allpetsdirectory.com,https://allpetsdirectory.com/,,24,38,1966.41,High,,,,,,,,,,,,,,,,,,,,,,,,,,,x,,,,,,,,,,,,
usdre.com,https://usdre.com/,,18,29,1942.49,High,,,,,,,,,,,,,,,,,,,,,,,,,,,,,,x,,,,,,,,,
brownbook.net,https://www.brownbook.net/,,59,78,1908.96,High,,x,,,,,,,,,,,,,,,,,,,,,,,,,,,,,,,,,,,,,
topdesignfirms.com,https://www.topdesignfirms.com/,https://www.topdesignfirms.com/submit,38,61,1781.52,High,,,,,,,,,,,,,,,,,,,,,,,,,,,,,,,,,,,,,x,,
atlasrwi.com,https://roof.atlasrwi.com/sales-directory/,,25,41,1723.31,High,,,,,,,,,,,,,,,,,,,,,,,,,,,,,,,x,,,,,,,,
tupalo.com,http://tupalo.com/,,52,73,1713.82,High,,x,,,,,,,,,,,,,,,,,,,,,,,,,,,,,,,,,,,,,
newswealth.com,http://www.newswealth.com/,,25,8,1675.18,High,,,,,,,,,,,,,,,,,,,,,,,,,x,,,,,,,,,,,,,,
destinationweddingdirectory.co,https://www.destinationweddingdirectory.co/,,26,44,1660.81,High,,,,,,,,,,,,,,,,,,,,,,,,,,,,,,,,,,,,,,x,
musicfibre.com,https://musicfibre.com/,https://musicfibre.com/suggest-a-product-or-company/,19,18,1656.72,High,,,,,,,,,,,,,,,,,,,,,,,,x,,,,,,,,,,,,,,,
techexpo.com,http://www.techexpo.com/,http://www.techexpo.com/submit.html,38,51,1623.62,High,,,,,,,,,,,,,,,,,,,,,,,,,,,,,,,,,,,x,,,,
tourspain.org,http://www.tourspain.org/,,41,38,1611.96,High,,,,,,,,,,,,,,,,,,,,,,,,,,,,,,,,,,,,x,,,
govspot.com,http://www.govspot.com/,,46,55,1564.3,High,,,,,,,,,,,,,,,,,,,,,,,,,,,,,x,,,,,,,,,,
lawdeeda.com,https://www.lawdeeda.com/,,18,35,1532.74,High,,,,,,,,,,,,,,,,,,,,x,,,,,,,,,,,,,,,,,,,
sportsdirectoryuk.co.uk,https://www.sportsdirectoryuk.co.uk/,,24,9,1413.8,High,,,,,,,,,,,,,,,,,,,,,,,,,,,,,,,,,,x,,,,,
bizvotes.com,http://www.bizvotes.com/,,41,64,1405.39,High,,x,,,,,,,,,,,,,,,,,,,,,,,,,,,,,,,,,,,,,
directorycritic.com,http://www.directorycritic.com/auto-directory-list.html,,31,55,1382.37,High,x,,,,,,,,,,,,,,,,,,,,,,,,,,,,,,,,,,,,,,
familyinfobrighton.org.uk,http://www.familyinfobrighton.org.uk/kb5/brighton/fsd/home.page,,27,19,1360.37,High,,,,,,,,,,,x,,,,,,,,,,,,,,,,,,,,,,,,,,,,
localpages.com,https://localpages.com/,,41,59,1331.69,High,,x,,,,,,,,,,,,,,,,,,,,,,,,,,,,,,,,,,,,,
newslink.org,http://www.newslink.org/,,54,67,1241.92,High,,,,,,,,,,,,,,,,,,,,,,,,,x,,,,,,,,,,,,,,
womenwhodraw.com,https://www.womenwhodraw.com/,https://www.womenwhodraw.com/submit/,50,63,1240.94,High,,,,,,,,,,,,,,,,,,,,,,,,,,,,,,,,,,,,,,,x
jasminedirectory.com,https://www.jasminedirectory.com/shopping-ecommerce/automotive/,https://www.jasminedirectory.com/index.php?a=2070753691,54,64,1227.15,High,x,,,,,,,,,,,,,,,,,,,,,,,,,,,,,,,,,,,,,,
opendi.us,https://www.opendi.us/,,41,64,1195.25,High,,x,,,,,,,,,,,,,,,,,,,,,,,,,,,,,,,,,,,,,
marcomawards.com,https://marcomawards.com/,,44,71,1174.17,High,,,,,,,,,,,,,,,,,,,,,,x,,,,,,,,,,,,,,,,,
criminallaw.com,https://criminallaw.com/,,25,28,1095.87,High,,,,,,,,,,,,,,,,,,,,x,,,,,,,,,,,,,,,,,,,
w3education.org,http://www.w3education.org/,,19,10,1056.47,High,,,,,,,,x,,,,,,,,,,,,,,,,,,,,,,,,,,,,,,,
designdirectory.co.uk,http://www.designdirectory.co.uk/,,25,25,1028.25,High,,,,,,x,,,,,,,,,,,,,,,,,,,,,,,,,,,,,,,,,
lawbrain.com,https://lawbrain.com/wiki/Main_Page,,37,28,1025.28,High,,,,,,,,,,,,,,,,,,,,x,,,,,,,,,,,,,,,,,,,
top10weddingvendors.com,https://top10weddingvendors.com/,,23,41,1001.53,High,,,,,,,,,,,,,,,,,,,,,,,,,,,,,,,,,,,,,,x,
petsglobal.com,https://www.petsglobal.com/,,25,21,938.12,Medium,,,,,,,,,,,,,,,,,,,,,,,,,,,x,,,,,,,,,,,,
dto.com,http://www.dto.com/,,30,26,861.39,Medium,,,,,,,,,,,,,,,,,,,,,,,,,,x,,,,,,,,,,,,,
ziplocal.com,https://ziplocal.com/,,39,77,840.6,Medium,,x,,,,,,,,,,,,,,,,,,,,,,,,,,,,,,,,,,,,,
boogar.com,http://www.boogar.com/resources/index.htm,,34,43,777.86,Medium,,,,,,,,,,,,,,,,,,,,,,,,,,,,,,,,,,,x,,,,
autoelf.com,http://www.autoelf.com/,,27,31,735.34,Medium,x,,,,,,,,,,,,,,,,,,,,,,,,,,,,,,,,,,,,,,
fashionprologue.com,http://fashionprologue.com/,http://fashionprologue.com/submit-your-business,10,5,695.07,Medium,,,,,,,,,,,,x,,,,,,,,,,,,,,,,,,,,,,,,,,,
acewebdirectory.com,https://www.acewebdirectory.com/,https://www.acewebdirectory.com/submit-site/,24,36,681.48,Medium,,x,,,,,,,,,,,,,,,,,,,,,,,,,,,,,,,,,,,,,
elegantbridal.com,https://www.elegantbridal.com/,,27,35,672.65,Medium,,,,,,,,,,,,,,,,,,,,,,,,,,,,,,,,,,,,,,x,
hikercentral.com,http://www.hikercentral.com/,,38,46,671.47,Medium,,,,,,,,,,,,,,,,,,,,,,,,,,x,,,,,,,,,,,,,
hub.biz,http://hub.biz/,,50,70,665.45,Medium,,x,,,,,,,,,,,,,,,,,,,,,,,,,,,,,,,,,,,,,
snellrealestate.com,https://www.snellrealestate.com/,,34,33,660.87,Medium,,,,,,,,,,,,,,,,,,,,,,,,,,,,,,x,,,,,,,,,
fashionlistings.org,https://www.fashionlistings.org/,https://www.fashionlistings.org/new_listing.asp,24,44,637.73,Medium,,,,,,,,,,,,x,,,,,,,,,,,,,,,,,,,,,,,,,,,
newsconnect.net,http://www.newsconnect.net/,,25,12,603.37,Medium,,,,,,,,,,,,,,,,,,,,,,,,,x,,,,,,,,,,,,,,
prolinkdirectory.com,https://www.prolinkdirectory.com/Automotive/,https://www.prolinkdirectory.com/submit.php,32,46,594.53,Medium,x,,,,,,,,,,,,,,,,,,,,,,,,,,,,,,,,,,,,,,
photographydirectoryproject.com,https://www.photographydirectoryproject.com/,,22,59,591.85,Medium,,,,,,,,,,,,,,,,,,,,,,,,,,,,x,,,,,,,,,,,
magicshow.com,https://www.magicshow.com/,,13,25,587.17,Medium,,,,,,,,,x,,,,,,,,,,,,,,,,,,,,,,,,,,,,,,
careersinoilandgas.com,https://careersinoilandgas.com/careers/,,41,42,583.98,Medium,,,x,,,,,,,,,,,,,,,,,,,,,,,,,,,,,,,,,,,,
shopperstop.org,https://www.shopperstop.org/,,16,7,575.99,Medium,,,,,,,,,,,,,,,,,,,,,,,,,,,,,,,,,x,,,,,,
allpages.com,https://www.allpages.com/,,40,47,560.48,Medium,,x,,,,,,,,,,,,,,,,,,,,,,,,,,,,,,,,,,,,,
sportsfix.com,http://www.sportsfix.com/,,19,3,529.26,Medium,,,,,,,,,,,,,,,,,,,,,,,,,,,,,,,,,,x,,,,,
edu-cyberpg.com,https://edu-cyberpg.com/,,45,47,517.92,Medium,,,,,,,,x,,,,,,,,,,,,,,,,,,,,,,,,,,,,,,,
theautomotivedirectory.com,https://www.theautomotivedirectory.com/,,20,27,508.15,Medium,x,,,,,,,,,,,,,,,,,,,,,,,,,,,,,,,,,,,,,,
directory.ac,https://directory.ac/business/automotive.html,https://directory.ac/business-listing.html,37,38,505.71,Medium,x,,,,,,,,,,,,,,,,,,,,,,,,,,,,,,,,,,,,,,
utahfamily.com,https://www.utahfamily.com/directories/,,25,53,497.5,Medium,,,,,,,,,,,x,,,,,,,,,,,,,,,,,,,,,,,,,,,,
cptn.com,https://www.cptn.com/Find/find_trainers.asp,,28,37,480.06,Medium,,,,,,,,,,,,,,x,,,,,,,,,,,,,,,,,,,,,,,,,
mondinion.com,http://www.mondinion.com/,,40,49,479.87,Medium,,,,,,,,,,,,,,,,,,,,,,,,,,,,,,x,,,,,,,,,
awesomelibrary.org,https://www.awesomelibrary.org/,,47,64,474.52,Medium,,,,,,,,x,,,,,,,,,,,,,,,,,,,,,,,,,,,,,,,
cipinet.com,https://www.cipinet.com/,https://www.cipinet.com/submit.php,33,46,470.73,Medium,,,,,,,,,,,,,,,,,,,,,,,,,,,x,,,,,,,,,,,,
citygrid.com,http://www.citygrid.com/,,39,66,468.49,Medium,,x,,,,,,,,,,,,,,,,,,,,,,,,,,,,,,,,,,,,,
getlegal.com,https://directories.getlegal.com/,,45,61,350.62,Medium,,,,,,,,,,,,,,,,,,,,x,,,,,,,,,,,,,,,,,,,
everything-active.co.uk,https://www.everything-active.co.uk/,,10,2,340.36,Medium,,,,,,,,,,,,,,x,,,,,,,,,,,,,,,,,,,,,,,,,
insuranceagencylinkdirectory.com,http://www.insuranceagencylinkdirectory.com/,,21,33,333.01,Medium,,,,,,,,,,,,,,,,,,,x,,,,,,,,,,,,,,,,,,,,
torontodesigndirectory.com,http://torontodesigndirectory.com/,http://torontodesigndirectory.com/directory/submit,15,15,320.13,Medium,,,,,,x,,,,,,,,,,,,,,,,,,,,,,,,,,,,,,,,,
1websdirectory.com,https://www.1websdirectory.com/graphic_design.htm,https://www.1websdirectory.com/blog/submit-article-to-blog,26,35,314.52,Medium,,,,,,x,,,,,,,,,,,,,,,,,,,,,,,,,,,,,,,,,
petsandanimals.co.uk,https://petsandanimals.co.uk/,,16,12,312.21,Medium,,,,,,,,,,,,,,,,,,,,,,,,,,,x,,,,,,,,,,,,
dilawctory.com,https://www.dilawctory.com/,,17,37,308.95,Medium,,,,,,,,,,,,,,,,,,,,x,,,,,,,,,,,,,,,,,,,
musicmoz.org,https://musicmoz.org/,https://musicmoz.org/add.html,42,45,308.69,Medium,,,,,,,,,,,,,,,,,,,,,,,,x,,,,,,,,,,,,,,,
healthandbeautylistings.org,https://www.healthandbeautylistings.org/Fitness/C2-1-0.htm,https://www.healthandbeautylistings.org/new_listing.asp,19,42,298.35,Medium,,,,,,,,,,,,,,x,,,,,,,,,,,,,,,,,,,,,,,,,
bloggingfusion.com,https://www.bloggingfusion.com/,https://www.bloggingfusion.com/submit.php,38,60,279.45,Medium,,,,,,,,,,,,,,,,,,,,,,,x,,,,,,,,,,,,,,,,
lawyer-directory.net,https://www.lawyer-directory.net/,,13,31,276.79,Medium,,,,,,,,,,,,,,,,,,,,x,,,,,,,,,,,,,,,,,,,
fooddirectories.com,http://www.fooddirectories.com/,,17,5,275.64,Medium,,,,,,,,,,,,,,,x,,,,,,,,,,,,,,,,,,,,,,,,
seek4fitness.net,http://seek4fitness.net/Fitness/Directory/,,32,30,275.29,Medium,,,,,,,,,,,,,,x,,,,,,,,,,,,,,,,,,,,,,,,,
photographersblackbook.com,http://photographersblackbook.com/,,19,11,266.07,Medium,,,,,,,,,,,,,,,,,,,,,,,,,,,,x,,,,,,,,,,,
petpages.com,http://www.petpages.com/,,23,22,266.01,Medium,,,,,,,,,,,,,,,,,,,,,,,,,,,x,,,,,,,,,,,,
crayon.net,http://crayon.net/using/links.html,,48,51,258.01,Medium,,,,,,,,,,,,,,,,,,,,,,,,,x,,,,,,,,,,,,,,
webdesignfinders.net,https://webdesignfinders.net/,https://webdesignfinders.net/add-web-design-link.html,25,71,240.83,Medium,,,,,,,,,,,,,,,,,,,,,,,,,,,,,,,,,,,,,x,,
screamingcars.com,https://www.screamingcars.com/,https://www.screamingcars.com/submit-a-post/,20,4,236.79,Medium,x,,,,,,,,,,,,,,,,,,,,,,,,,,,,,,,,,,,,,,
01webdirectory.com,https://www.01webdirectory.com/fitness.htm,,34,44,230.1,Medium,,,,,,,,,,,,,,x,,,,,,,,,,,,,,,,,,,,,,,,,
healthlinks.net,https://healthlinks.net/,,33,54,222.36,Medium,,,,,,,,,,,,,,,,,x,,,,,,,,,,,,,,,,,,,,,,
42lawyers.com,http://42lawyers.com/,,11,16,222.35,Medium,,,,,,,,,,,,,,,,,,,,x,,,,,,,,,,,,,,,,,,,
thefitmap.com,http://www.thefitmap.com/us/,,30,34,214.43,Medium,,,,,,,,,,,,,,x,,,,,,,,,,,,,,,,,,,,,,,,,
womentechfounders.com,https://womentechfounders.com/directory/,https://womentechfounders.com/submit_directory_listing/,30,30,210.2,Medium,,,,,,,,,,,,,,,,,,,,,,,,,,,,,,,,,,,,,,,x
travellinksdirectory.com,http://www.travellinksdirectory.com/,http://www.travellinksdirectory.com/links/add_link.htm,29,41,209.87,Medium,,,,,,,,,,,,,,,,,,,,,,,,,,,,,,,,,,,,x,,,
outdoortrips.info,http://www.outdoortrips.info/,,16,21,194.43,Medium,,,,,,,,,,,,,,,,,,,,,,,,,,x,,,,,,,,,,,,,
designfirms.org,http://www.designfirms.org/,http://www.designfirms.org/jobs/submit/,31,64,192.27,Medium,,,,,,x,,,,,,,,,,,,,,,,,,,,,,,,,,,,,,,,,
localfitnessfinder.com,http://www.localfitnessfinder.com/,,10,1,187.97,Medium,,,,,,,,,,,,,,x,,,,,,,,,,,,,,,,,,,,,,,,,
hotvsnot.com,http://www.hotvsnot.com/Home/Pets/,http://www.hotvsnot.com/Add-Site/Add-Site.aspx,38,72,183.46,Medium,,,,,,,,,,,,,,,,,,,,,,,,,,,x,,,,,,,,,,,,
babyandmefitness.com,https://babyandmefitness.com/fitness-trainers/,,23,15,165.4,Medium,,,,,,,,,,,,,,x,,,,,,,,,,,,,,,,,,,,,,,,,
fashionandstyledirectory.co.uk,https://www.fashionandstyledirectory.co.uk/,https://www.fashionandstyledirectory.co.uk/advertise-or-work-with-us/gold-directory-listing/,16,2,160.46,Medium,,,,,,,,,,,,x,,,,,,,,,,,,,,,,,,,,,,,,,,,
australianfitnessdirectory.com.au,http://www.australianfitnessdirectory.com.au/web/,,8,17,157.1,Medium,,,,,,,,,,,,,,x,,,,,,,,,,,,,,,,,,,,,,,,,
sustainablefashiondirectory.com,http://sustainablefashiondirectory.com/,http://sustainablefashiondirectory.com/submit-a-listing/,19,41,155.02,Medium,,,,,,,,,,,,x,,,,,,,,,,,,,,,,,,,,,,,,,,,
dialindia.com,http://www.dialindia.com/,,26,41,151.86,Medium,,,,,,,,,,,,,x,,,,,,,,,,,,,,,,,,,,,,,,,,
poopbutler.com,http://www.poopbutler.com/,,22,36,149.67,Medium,,,,,,,,,,,,,,,,,,,,,,,,,,,x,,,,,,,,,,,,
rochesterrealestatedirectory.com,https://www.rochesterrealestatedirectory.com/,,15,14,147.8,Medium,,,,,,,,,,,,,,,,,,,,,,,,,,,,,,x,,,,,,,,,
guitar-directory.com,http://www.guitar-directory.com/,,27,20,138.79,Medium,,,,,,,,,,,,,,,,,,,,,,,,x,,,,,,,,,,,,,,,
247webdirectory.com,https://www.247webdirectory.com/career.htm,https://www.247webdirectory.com/submit.aspx,24,37,138.36,Medium,,,x,,,,,,,,,,,,,,,,,,,,,,,,,,,,,,,,,,,,
ezydir.com,https://www.ezydir.com/,,18,8,130.61,Medium,,,,,,,,,,,,,,,,,,,,,,,,,,,,,,x,,,,,,,,,
orthopages.com,http://orthopages.com/,https://www.orthopages.com/addoffice.asp,14,30,129.74,Medium,,,,,x,,,,,,,,,,,,,,,,,,,,,,,,,,,,,,,,,,
zidster.com,http://www.zidster.com/,,17,51,129.21,Medium,,x,,,,,,,,,,,,,,,,,,,,,,,,,,,,,,,,,,,,,
techdirectory.io,https://www.techdirectory.io/,,28,36,125,Medium,,,,,,,,,,,,,,,,,,,,,,,,,,,,,,,,,,,x,,,,
a1webdirectory.org,https://www.a1webdirectory.org/Health/Fitness/,https://www.a1webdirectory.org/submit,29,45,123.39,Medium,,,,,,,,,,,,,,x,,,,,,,,,,,,,,,,,,,,,,,,,
canadianwellness.com,https://www.canadianwellness.com/,,26,16,118.15,Medium,,,,,,,,,,,,,,x,,,,,,,,,,,,,,,,,,,,,,,,,
implantdirectory.com,https://www.implantdirectory.com/,https://www.implantdirectory.com/verifylisting2.asp,18,33,117.41,Medium,,,,,x,,,,,,,,,,,,,,,,,,,,,,,,,,,,,,,,,,
officialtraveldirectory.com,http://www.officialtraveldirectory.com/,https://www.officialtraveldirectory.com/advertise,3,27,115.66,Medium,,,,,,,,,,,,,,,,,,,,,,,,,,,,,,,,,,,,x,,,
myvawedding.com,https://myvawedding.com/,https://myvawedding.com/submit-a-wedding/,9,13,113.32,Medium,,,,,,,,,,,,,,,,,,,,,,,,,,,,,,,,,,,,,,x,
web-designers-directory.org,http://www.web-designers-directory.org/,https://www.web-designers-directory.org/get-listed.php,37,67,111.8,Medium,,,,,,x,,,,,,,,,,,,,,,,,,,,,,,,,,,,,,,,,
pathlegal.com,https://pathlegal.com/,,23,40,110.36,Medium,,,,,,,,,,,,,,,,,,,,x,,,,,,,,,,,,,,,,,,,
planet-pets.com,http://www.planet-pets.com/,,35,26,106.23,Medium,,,,,,,,,,,,,,,,,,,,,,,,,,,x,,,,,,,,,,,,
tripod.com,http://virtualtravel-mexico.tripod.com/directories.html,http://members.tripod.com/~sap_abap/submit.htm,41,90,105.99,Medium,,,,,,,,,,,,,,,,,,,,,,,,,,,,,,,,,,,,x,,,
awdp.org,https://www.awdp.org/,,24,55,105.4,Medium,,,,,,,,,,,,,,,,,,,,,,,,,,,,,,,,,,,,,x,,
realproguide.com,https://www.realproguide.com/,,7,39,101.16,Medium,,,,,,,,,,,,,,,,,,,,,,,,,,,,,,x,,,,,,,,,
freephotogallery.info,http://www.freephotogallery.info/,http://www.freephotogallery.info/add-url-photo.php,24,53,101.11,Medium,,,,,,,,,,,,,,,,,,,,,,,,,,,,x,,,,,,,,,,,
ezistreet.com,https://www.ezistreet.com/,https://www.ezistreet.com/submit/,19,17,97.09,Low,,,,,,,,,,,,,,,,x,,,,,,,,,,,,,,,,,,,,,,,
goldenwebawards.com,https://goldenwebawards.com/directory/,https://goldenwebawards.com/submit-your-site-to-the-golden-web-awards/,38,73,93.36,Low,,,,,,,,,,,,,,,,,,,,,,,,,,,,,,,,,,,,,x,,
cutaboverealtyagents.com,https://cutaboverealtyagents.com/,https://cutaboverealtyagents.com/Home/SubmitRemoval?listingId=6532415,13,9,91.25,Low,,,,,,,,,,,,,,,,,,,,,,,,,,,,,,x,,,,,,,,,
mylegalpractice.com,https://www.mylegalpractice.com/,,15,35,89.11,Low,,,,,,,,,,,,,,,,,,,,x,,,,,,,,,,,,,,,,,,,
pettalkgofetch.com,https://www.pettalkgofetch.com/,,17,13,86.1,Low,,,,,,,,,,,,,,,,,,,,,,,,,,,x,,,,,,,,,,,,
musicdirectory.com,https://www.musicdirectory.com/,,15,21,84.82,Low,,,,,,,,,,,,,,,,,,,,,,,,x,,,,,,,,,,,,,,,
webdesigners-directory.com,https://www.webdesigners-directory.com/,,29,72,84.11,Low,,,,,,,,,,,,,,,,,,,,,,,,,,,,,,,,,,,,,x,,
world-fashion.info,https://www.world-fashion.info/,https://www.world-fashion.info/submit_site.php,23,25,81.26,Low,,,,,,,,,,,,x,,,,,,,,,,,,,,,,,,,,,,,,,,,
cityvoter.com,https://cityvoter.com/,https://support.cityvoter.com/hc/en-us/articles/204323970-Submission-guidelines-for-adding-your-business-nominating-a-business,56,78,79.34,Low,,x,,,,,,,,,,,,,,,,,,,,,,,,,,,,,,,,,,,,,
globallawdirectories.com,http://www.globallawdirectories.com/,,13,34,74.63,Low,,,,,,,,,,,,,,,,,,,,x,,,,,,,,,,,,,,,,,,,
the-wedding-planner.com,http://www.the-wedding-planner.com/,http://www.the-wedding-planner.com/twp-add-your-business-premium.htm,19,36,73.91,Low,,,,,,,,,,,,,,,,,,,,,,,,,,,,,,,,,,,,,,x,
goworkable.com,http://www.goworkable.com/,,13,5,72.6,Low,,,,,,,,,,,,,,,,x,,,,,,,,,,,,,,,,,,,,,,,
the-photographer-directory.com,https://the-photographer-directory.com/,,19,45,72.23,Low,,,,,,,,,,,,,,,,,,,,,,,,,,,,x,,,,,,,,,,,
attorneyhelp.org,https://attorneyhelp.org/,,15,34,65.15,Low,,,,,,,,,,,,,,,,,,,,x,,,,,,,,,,,,,,,,,,,
designdirectoryireland.ie,https://designdirectoryireland.ie/,,12,15,63.05,Low,,,,,,x,,,,,,,,,,,,,,,,,,,,,,,,,,,,,,,,,
reviewyourattorney.com,https://www.reviewyourattorney.com/,,23,33,62.39,Low,,,,,,,,,,,,,,,,,,,,x,,,,,,,,,,,,,,,,,,,
metagrid.com,https://www.metagrid.com/,,30,25,61.56,Low,,,,,,,,,,,,,,,,,,,,,,,,,x,,,,,,,,,,,,,,
photographerlistings.org,https://www.photographerlistings.org/,https://www.photographerlistings.org/new_listing.asp,19,48,60.6,Low,,,,,,,,,,,,,,,,,,,,,,,,,,,,x,,,,,,,,,,,
findelio.com,http://www.findelio.com/1/Arts_and_Entertainment/,,28,48,60.47,Low,,,,,,,,,x,,,,,,,,,,,,,,,,,,,,,,,,,,,,,,
bizhwy.com,https://www.bizhwy.com/,,38,62,58.87,Low,,x,,,,,,,,,,,,,,,,,,,,,,,,,,,,,,,,,,,,,
thrall.org,https://thrall.org/invest/,,46,48,54.49,Low,,,,,,,,,,,,,x,,,,,,,,,,,,,,,,,,,,,,,,,,
cfredonline.com,http://cfredonline.com/,,25,28,54.23,Low,,,,,,,,,,,,,,,,,,,,,,,,,,,,,,x,,,,,,,,,
photographysites.com,https://www.photographysites.com/,,30,63,54.08,Low,,,,,,,,,,,,,,,,,,,,,,,,,,,,x,,,,,,,,,,,
educatelibrary.com,http://www.educatelibrary.com/,http://www.educatelibrary.com/submitsite.htm,15,7,53.83,Low,,,,,,,,x,,,,,,,,,,,,,,,,,,,,,,,,,,,,,,,
medicalhealthsites.com,https://www.medicalhealthsites.com/,https://www.medicalhealthsites.com/submit.php?c=681,14,53,52.22,Low,,,,,,,,,,,,,,,,,x,,,,,,,,,,,,,,,,,,,,,,
alldate.info,https://www.alldate.info/,https://www.alldate.info/submit-an-article/,13,16,49.55,Low,,,,x,,,,,,,,,,,,,,,,,,,,,,,,,,,,,,,,,,,
designerlistings.org,https://www.designerlistings.org/,https://www.designerlistings.org/new_listing.asp,24,48,48.95,Low,,,,,,x,,,,,,,,,,,,,,,,,,,,,,,,,,,,,,,,,
mercuryfreedentists.com,https://www.mercuryfreedentists.com/,,27,12,48.3,Low,,,,,x,,,,,,,,,,,,,,,,,,,,,,,,,,,,,,,,,,
mytraveldirectory.co.uk,http://www.mytraveldirectory.co.uk/,http://www.mytraveldirectory.co.uk/submit.php,8,2,47.48,Low,,,,,,,,,,,,,,,,,,,,,,,,,,,,,,,,,,,,x,,,
pharmatechnologyindex.com,http://pharmatechnologyindex.com/,,11,19,47.2,Low,,,,,,,,,,,,,,,,,x,,,,,,,,,,,,,,,,,,,,,,
opticseducation.org,https://www.opticseducation.org/,https://www.opticseducation.org/add-edit-school/add-school.aspx,26,19,46.99,Low,,,,,,,,x,,,,,,,,,,,,,,,,,,,,,,,,,,,,,,,
webtoolhub.com,https://catalog.webtoolhub.com/ctl-t12p0c11v1-listing.aspx,https://fonts.webtoolhub.com/font-submit.aspx,47,69,46.18,Low,,,,,,,,,,,,x,,,,,,,,,,,,,,,,,,,,,,,,,,,
ibsteam.net,https://www.ibsteam.net/,,21,55,39.6,Low,,,,,,,,,,,,,,,,,,,,,,,,,,,,,,x,,,,,,,,,
musicworld1000.com,https://www.musicworld1000.com/,https://www.musicworld1000.com/addurl.php,16,3,38.93,Low,,,,,,,,,,,,,,,,,,,,,,,,x,,,,,,,,,,,,,,,
webdirectoryhealth.com,https://www.webdirectoryhealth.com/,,17,53,38.3,Low,,,,,,,,,,,,,,,,,x,,,,,,,,,,,,,,,,,,,,,,
radicalfemaledirectory.com,https://radicalfemaledirectory.com/,https://radicalfemaledirectory.com/submit-post/,11,1,37.62,Low,,,,,,,,,,,,,,,,,,,,,,,,,,,,,,,,,,,,,,,x
politicalindex.com,http://www.politicalindex.com/,,35,31,37.56,Low,,,,,,,,,,,,,,,,,,,,,,,,,,,,,x,,,,,,,,,,
yellowlinker.com,http://www.yellowlinker.com/,http://www.yellowlinker.com/submit.php,21,32,37.42,Low,,,,,,,,,,,,,,,,x,,,,,,,,,,,,,,,,,,,,,,,
seodirectoryonline.org,http://www.seodirectoryonline.org/,http://www.10stardirectory.seodirectoryonline.org/SubmitLink,23,51,36.75,Low,,,,,,,,,,,,,,,,x,,,,,,,,,,,,,,,,,,,,,,,
lessonsunlimited.com,http://www.lessonsunlimited.com/,,19,6,35.65,Low,,,,,,,,x,,,,,,,,,,,,,,,,,,,,,,,,,,,,,,,
studiolocator.com,http://www.studiolocator.com/,,13,26,35.27,Low,,,,,,,,,,,,,,,,,,,,,,,,,,,,x,,,,,,,,,,,
outdoors-411.com,http://www.outdoors-411.com/,,26,30,34.73,Low,,,,,,,,,,,,,,,,,,,,,,,,,,x,,,,,,,,,,,,,
reals.com,http://www.reals.com/,,26,54,34.27,Low,,,,,,,,,,,,,,,,,,,,,,,,,,,,,,x,,,,,,,,,
nwbd.org,https://www.nwbd.org/women-business-directory/,,8,4,34.24,Low,,,,,,,,,,,,,,,,,,,,,,,,,,,,,,,,,,,,,,,x
teacherplace.net,http://www.teacherplace.net/,,13,2,32.78,Low,,,,,,,,x,,,,,,,,,,,,,,,,,,,,,,,,,,,,,,,
directoryauto.com,http://www.directoryauto.com/,http://www.directoryauto.com/submit.html,18,19,32.23,Low,x,,,,,,,,,,,,,,,,,,,,,,,,,,,,,,,,,,,,,,
traveltourismdirectory.net,https://www.traveltourismdirectory.net/,https://www.traveltourismdirectory.net/submit.php,25,36,31.64,Low,,,,,,,,,,,,,,,,,,,,,,,,,,,,,,,,,,,,x,,,
websitespromotiondirectory.com,http://websitespromotiondirectory.com/addurl/entertainment-and-games/entertainment/,http://websitespromotiondirectory.com/submit.php,22,34,30.74,Low,,,,,,,,,x,,,,,,,,,,,,,,,,,,,,,,,,,,,,,,
ethicalrebel.co.uk,https://ethicalrebel.co.uk/ethical-fashion-directory/,,7,3,28.21,Low,,,,,,,,,,,,x,,,,,,,,,,,,,,,,,,,,,,,,,,,
shoplocaldirectoryinc.com,https://www.shoplocaldirectoryinc.com/automotive,,11,22,27.21,Low,x,,,,,,,,,,,,,,,,,,,,,,,,,,,,,,,,,,,,,,
newspaper-world.com,https://newspaper-world.com/,,23,8,27.05,Low,,,,,,,,,,,,,,,,,,,,,,,,,x,,,,,,,,,,,,,,
boldrealty.com,http://www.boldrealty.com/,,10,0,26.93,Low,,,,,,,,,,,,,,,,,,,,,,,,,,,,,,x,,,,,,,,,
quoakle.com,https://quoakle.com/pets/,,27,44,26.56,Low,,,,,,,,,,,,,,,,,,,,,,,,,,,x,,,,,,,,,,,,
botid.org,http://www.botid.org/Home/Pets/,,31,70,26.2,Low,,,,,,,,,,,,,,,,,,,,,,,,,,,x,,,,,,,,,,,,
classicalusa.com,http://classicalusa.com/,,27,26,26.2,Low,,,,,,,,,,,,,,,,,,,,,,,,x,,,,,,,,,,,,,,,
keepthefaithdirectory.co.uk,http://www.keepthefaithdirectory.co.uk/,,6,0,25.35,Low,,,,,,,,,,x,,,,,,,,,,,,,,,,,,,,,,,,,,,,,
allsportsdirectory.net,https://allsportsdirectory.net/,,13,4,24.67,Low,,,,,,,,,,,,,,,,,,,,,,,,,,,,,,,,,,x,,,,,
rnked.com,https://rnked.com/,,22,28,23.6,Low,,,,,,,,,,,,,,,,,,,,,,x,,,,,,,,,,,,,,,,,
clinicsearch.org,http://clinicsearch.org/,,13,30,23.5,Low,,,,,x,,,,,,,,,,,,,,,,,,,,,,,,,,,,,,,,,,
parallemic.org,http://www.parallemic.org/,,31,29,23.13,Low,,,,,,,,,,,,,,,,,,,,,,,,,,,,,,,,,,,x,,,,
ncrealestatedirectory.com,http://www.ncrealestatedirectory.com/,,7,0,22.8,Low,,,,,,,,,,,,,,,,,,,,,,,,,,,,,,x,,,,,,,,,
squidtimes.net,http://www.squidtimes.net/,,15,1,22.45,Low,,,,,,,,,,,,,,,,,,,,,,,,,x,,,,,,,,,,,,,,
webprofessional.org,http://webprofessional.org/,http://webprofessional.org/submit-2/,17,14,22.28,Low,,,,,,,,,,,,,,,,,,,,,,,,,,,,,,,,,,,,,x,,
careerdirectory.in,https://careerdirectory.in/,,5,1,20.74,Low,,,x,,,,,,,,,,,,,,,,,,,,,,,,,,,,,,,,,,,,
weddingservicecompanies.com,http://www.weddingservicecompanies.com/,,17,25,18.48,Low,,,,,,,,,,,,,,,,,,,,,,,,,,,,,,,,,,,,,,x,
music-movies-download.com,http://www.music-movies-download.com/directory/,http://www.music-movies-download.com/directory/submit.htm,9,8,18.39,Low,,,,,,,,,x,,,,,,,,,,,,,,,,,,,,,,,,,,,,,,
districtoffashion.com,https://districtoffashion.com/,,7,6,18.18,Low,,,,,,,,,,,,x,,,,,,,,,,,,,,,,,,,,,,,,,,,
n4m.com,http://www.n4m.com/,,9,18,16.78,Low,,,,,,,,,,,,,,,,,,,,,,,,,x,,,,,,,,,,,,,,
web-designers-directory.net,https://www.web-designers-directory.net/,,9,6,15.48,Low,,,,,,,,,,,,,,,,,,,,,,,,,,,,,,,,,,,,,x,,
linkbyme.com,http://www.linkbyme.com/,,21,31,14.85,Low,,x,,,,,,,,,,,,,,,,,,,,,,,,,,,,,,,,,,,,,
homes-for-sale-by-owner.info,http://www.homes-for-sale-by-owner.info/,,18,15,14.56,Low,,,,,,,,,,,,,,,,,,,,,,,,,,,,,,x,,,,,,,,,
photographersindex.com,https://www.photographersindex.com/,,30,45,14.37,Low,,,,,,,,,,,,,,,,,,,,,,,,,,,,x,,,,,,,,,,,
agius.com,http://agius.com/hew/links/,,40,37,13.73,Low,,,,,,,,,,,,,,,,,x,,,,,,,,,,,,,,,,,,,,,,
fitnessdirectory.com.au,https://fitnessdirectory.com.au/,,7,5,13.21,Low,,,,,,,,,,,,,,x,,,,,,,,,,,,,,,,,,,,,,,,,
redlinker.com,http://www.redlinker.com/,http://www.redlinker.com/submit.php,17,29,13.09,Low,,,,,,,,,,,,,,,,x,,,,,,,,,,,,,,,,,,,,,,,
waedguide.com,https://www.waedguide.com/,,4,0,12.87,Low,,,,,,,,x,,,,,,,,,,,,,,,,,,,,,,,,,,,,,,,
directoryemployment.com,http://www.directoryemployment.com/,,11,10,11.93,Low,,,x,,,,,,,,,,,,,,,,,,,,,,,,,,,,,,,,,,,,
n1travel.com,https://www.n1travel.com/,https://www.n1travel.com/add-listing/,6,10,10.57,Low,,,,,,,,,,,,,,,,,,,,,,,,,,,,,,,,,,,,x,,,
bride-advisor.com,https://www.bride-advisor.com/,,8,22,10.54,Low,,,,,,,,,,,,,,,,,,,,,,,,,,,,,,,,,,,,,,x,
atgetphotography.com,http://atgetphotography.com/,https://www.atgetphotography.com/World/Submit.html,54,49,10.27,Low,,,,,,,,,,,,,,,,,,,,,,,,,,,,x,,,,,,,,,,,
vehiclesgalaxy.com,http://vehiclesgalaxy.com/,,11,0,10.08,Low,x,,,,,,,,,,,,,,,,,,,,,,,,,,,,,,,,,,,,,,
musicmates.com,https://www.musicmates.com/index.php,,24,19,9.67,Low,,,,,,,,,,,,,,,,,,,,,,,,x,,,,,,,,,,,,,,,
callfor.co.in,http://www.callfor.co.in/,,12,2,9.65,Low,,,,,,,,,,,,,,,,x,,,,,,,,,,,,,,,,,,,,,,,
besttravelwebsites.com,https://www.besttravelwebsites.com/,https://www.besttravelwebsites.com/submit-website/,28,29,9.36,Low,,,,,,,,,,,,,,,,,,,,,,,,,,,,,,,,,,,,x,,,
iamnatural.com.au,https://www.iamnatural.com.au/,https://www.iamnatural.com.au/submit-listing/,15,16,9.34,Low,,,,,,,,,,,,,,,,,x,,,,,,,,,,,,,,,,,,,,,,
linxnet.com,http://www.linxnet.com/,,40,51,9.33,Low,,,,,,,,,,,,,,,,,,,,,,,,,x,,,,,,,,,,,,,,
worldrealestatedirectory.net,http://worldrealestatedirectory.net/,,18,15,9.25,Low,,,,,,,,,,,,,,,,,,,,,,,,,,,,,,x,,,,,,,,,
designer.am,http://directory.designer.am/index.php,https://directory.designer.am/addsiteform.php,36,42,7.9,Low,,,,,,x,,,,,,,,,,,,,,,,,,,,,,,,,,,,,,,,,
myhuckleberry.com,http://myhuckleberry.com/,,40,61,7.86,Low,,x,,,,,,,,,,,,,,,,,,,,,,,,,,,,,,,,,,,,,
superautodirectory.com,https://www.superautodirectory.com/,,8,2,7.84,Low,x,,,,,,,,,,,,,,,,,,,,,,,,,,,,,,,,,,,,,,
my-pet-care-directory.com,http://www.my-pet-care-directory.com/,http://www.my-pet-care-directory.com/submit.html,9,6,7.49,Low,,,,,,,,,,,,,,,,,,,,,,,,,,,x,,,,,,,,,,,,
us-realestatedirectory.com,https://www.us-realestatedirectory.com/,https://www.us-realestatedirectory.com/create-listing/,13,18,7.43,Low,,,,,,,,,,,,,,,,,,,,,,,,,,,,,,x,,,,,,,,,
directorymathsed.net,https://www.directorymathsed.net/,,31,19,7.36,Low,,,,,,,,x,,,,,,,,,,,,,,,,,,,,,,,,,,,,,,,
austinpetsdirectory.com,http://austinpetsdirectory.com/,,12,18,7.26,Low,,,,,,,,,,,,,,,,,,,,,,,,,,,x,,,,,,,,,,,,
quickfound.net,http://quickfound.net/,,51,32,7.12,Low,,,,,,,,,,,,,,,,,,,,,,,,,x,,,,,,,,,,,,,,
cotid.org,http://www.cotid.org/Health/Fitness/,,26,59,6.89,Low,,,,,,,,,,,,,,x,,,,,,,,,,,,,,,,,,,,,,,,,
darkdb.com,http://www.darkdb.com/eklein/,http://www.darkdb.com/eklein/add.html,25,10,6.44,Low,,,,,,,,,,,,,,,,,,,,,,,,x,,,,,,,,,,,,,,,
directsalesdirectory.com,https://www.directsalesdirectory.com/,,10,7,6.42,Low,,,,,,,,,,,,,,,,,,,,,,,,,,,,,,,x,,,,,,,,
atlantarealestatedirectory.com,https://www.atlantarealestatedirectory.com/,,10,9,6.3,Low,,,,,,,,,,,,,,,,,,,,,,,,,,,,,,x,,,,,,,,,
asiainsurance.com.my,http://www.asiainsurance.com.my/,,7,3,6.19,Low,,,,,,,,,,,,,,,,,,,x,,,,,,,,,,,,,,,,,,,,
elitesitesdirectory.com,http://www.elitesitesdirectory.com/submit.php?catId=11,http://www.elitesitesdirectory.com/submit.php?catId=69,27,51,6.11,Low,,,,,,,,,x,,,,,,,,,,,,,,,,,,,,,,,,,,,,,,
usaphotographerdirectory.com,http://usaphotographerdirectory.com/,https://usaphotographerdirectory.com/freelisting.cfm,9,24,6.03,Low,,,,,,,,,,,,,,,,,,,,,,,,,,,,x,,,,,,,,,,,
martindalecenter.com,http://martindalecenter.com/HSGuide.html,,49,66,5.44,Low,,,,,,,,,,,,,,,,,x,,,,,,,,,,,,,,,,,,,,,,
homeownerscircle.com,http://homeownerscircle.com/,,16,44,5.3,Low,,,,,,,,,,,,,,,,,,,,,,,,,,,,,,x,,,,,,,,,
pakadtrader.com,http://www.pakadtrader.com/,,20,25,5.28,Low,,,,,,,,,,,,,,,,x,,,,,,,,,,,,,,,,,,,,,,,
a2zwebindex.com,http://www.a2zwebindex.com/,,26,55,5.2,Low,,,,,,,,,,,,,,,,,,,,,,,,,,,,,,,,,,x,,,,,
fashionectory.com,https://www.fashionectory.com/,,7,10,4.74,Low,,,,,,,,,,,,x,,,,,,,,,,,,,,,,,,,,,,,,,,,
wlddirectory.com,http://www.wlddirectory.com/,http://www.wlddirectory.com/submit_guidelines.htm,18,25,4.71,Low,,,,,,,,,,,,,,,,x,,,,,,,,,,,,,,,,,,,,,,,
newspaperdrive.com,http://www.newspaperdrive.com/,,24,23,4.59,Low,,,,,,,,,,,,,,,,,,,,,,,,,x,,,,,,,,,,,,,,
topattorneydirectory.com,https://www.topattorneydirectory.com/,https://www.topattorneydirectory.com/listing/elite-lawyer-llc/,11,10,4.44,Low,,,,,,,,,,,,,,,,,,,,x,,,,,,,,,,,,,,,,,,,
linkdir4u.com,http://www.linkdir4u.com/,http://www.linkdir4u.com/submit-link.php,19,34,4.37,Low,,,,,,,,,,,,,,,,x,,,,,,,,,,,,,,,,,,,,,,,
petsdirectory.co.uk,http://www.petsdirectory.co.uk/,,9,18,4.13,Low,,,,,,,,,,,,,,,,,,,,,,,,,,,x,,,,,,,,,,,,
automobilebuzz.com,http://automobilebuzz.com/,,10,0,3.89,Low,x,,,,,,,,,,,,,,,,,,,,,,,,,,,,,,,,,,,,,,
fitnessconnectors.com,https://fitnessconnectors.com/directory/?wpbdp_view=all_listings,,3,2,3.56,Low,,,,,,,,,,,,,,x,,,,,,,,,,,,,,,,,,,,,,,,,
canadianfitness.net,http://canadianfitness.net/directory/,,23,31,3.23,Low,,,,,,,,,,,,,,x,,,,,,,,,,,,,,,,,,,,,,,,,
todaysbride.com,https://www.todaysbride.com/,,42,49,3.07,Low,,,,,,,,,,,,,,,,,,,,,,,,,,,,,,,,,,,,,,x,
online4thepets.com,https://www.online4thepets.com/,,13,11,2.93,Low,,,,,,,,,,,,,,,,,,,,,,,,,,,x,,,,,,,,,,,,
joanserra.com,http://joanserra.com/,,9,0,2.71,Low,x,,,,,,,,,,,,,,,,,,,,,,,,,,,,,,,,,,,,,,
inspiredmomsclub.com,http://inspiredmomsclub.com/blog-directory/,http://inspiredmomsclub.com/submit-a-question/,16,4,2.56,Low,,,,,,,,,,,,,,,,,,,,,,,x,,,,,,,,,,,,,,,,
filmbug.com,https://filmbug.com/people/,,53,46,2.41,Low,,,,,,,,,x,,,,,,,,,,,,,,,,,,,,,,,,,,,,,,
directorycar.com,http://www.directorycar.com/,http://www.directorycar.com/submit.htm,16,44,2.31,Low,x,,,,,,,,,,,,,,,,,,,,,,,,,,,,,,,,,,,,,,
womenbusinessdirectory.com,https://www.womenbusinessdirectory.com/,,18,26,2.3,Low,,,,,,,,,,,,,,,,,,,,,,,,,,,,,,,,,,,,,,,x
dracodirectory.com,http://www.dracodirectory.com/,http://www.dracodirectory.com/submit_guidelines.htm,19,30,2.22,Low,,,,,,,,,,,,,,,,x,,,,,,,,,,,,,,,,,,,,,,,
citybase.com,http://www.citybase.com/,,31,44,2.11,Low,,x,,,,,,,,,,,,,,,,,,,,,,,,,,,,,,,,,,,,,
medicalhealthdirectory.net,https://www.medicalhealthdirectory.net/,https://www.highrankdirectory.medicalhealthdirectory.net/submit.php?c=25,10,50,1.89,Low,,,,,,,,,,,,,,,,,x,,,,,,,,,,,,,,,,,,,,,,
smallerbizz.com,http://www.smallerbizz.com/,http://www.smallerbizz.com/add/913/87.php,15,4,1.87,Low,,,,,,,,,,,,,x,,,,,,,,,,,,,,,,,,,,,,,,,,
usaattorneys.org,http://usaattorneys.org/,,13,13,1.87,Low,,,,,,,,,,,,,,,,,,,,x,,,,,,,,,,,,,,,,,,,
designerdirectory.org.uk,http://www.designerdirectory.org.uk/,,10,9,1.85,Low,,,,,,x,,,,,,,,,,,,,,,,,,,,,,,,,,,,,,,,,
siterary.com,http://www.siterary.com/travelinfo/directories.html,,23,34,1.84,Low,,,,,,,,,,,,,,,,,,,,,,,,,,,,,,,,,,,,x,,,
osh.net,http://osh.net/directory/index.htm,,34,41,1.84,Low,,,,,,,,,,,,,,,,,x,,,,,,,,,,,,,,,,,,,,,,
sefdirectory.com,http://www.sefdirectory.com/health-fitness/,http://www.sefdirectory.com/submit.php,12,1,1.68,Low,,,,,,,,,,,,,,x,,,,,,,,,,,,,,,,,,,,,,,,,
findlocalcondos.com,https://findlocalcondos.com/,,3,0,1.66,Low,,,,,,,,,,,,,,,,,,,,,,,,,,,,,,x,,,,,,,,,
pinklinker.com,http://www.pinklinker.com/,http://www.pinklinker.com/submit.php,18,28,1.62,Low,,,,,,,,,,,,,,,,x,,,,,,,,,,,,,,,,,,,,,,,
directoryofsport.com,http://www.directoryofsport.com/,,11,6,1.54,Low,,,,,,,,,,,,,,,,,,,,,,,,,,,,,,,,,,x,,,,,
smileabc.com,http://www.smileabc.com/,,10,6,1.52,Low,,,,,x,,,,,,,,,,,,,,,,,,,,,,,,,,,,,,,,,,
abboo.com,http://www.abboo.com/,,14,28,1.35,Low,,,,,,,,,x,,,,,,,,,,,,,,,,,,,,,,,,,,,,,,
activebunch.com,https://www.activebunch.com/directory,,16,8,1.17,Low,,,,,,,,,,,,,,x,,,,,,,,,,,,,,,,,,,,,,,,,
doyourwedding.com,http://www.doyourwedding.com/,https://www.doyourwedding.com/addurl.htm,12,18,1.17,Low,,,,,,,,,,,,,,,,,,,,,,,,,,,,,,,,,,,,,,x,
fastrackonline.net,http://www.fastrackonline.net/,,26,8,1.14,Low,,,,,,,,,,,,,,,,,,,,,,,,,x,,,,,,,,,,,,,,
where2go.com,http://where2go.com/,,35,68,1.12,Low,,x,,,,,,,,,,,,,,,,,,,,,,,,,,,,,,,,,,,,,
greylinker.com,http://www.greylinker.com/,http://www.greylinker.com/submit.php,18,31,0.98,None,,,,,,,,,,,,,,,,x,,,,,,,,,,,,,,,,,,,,,,,
directorysolar.com,http://directorysolar.com/directories/niche-directories/Be-Visible-on-Automotive-Directories-l226.html,,11,6,0.97,None,x,,,,,,,,,,,,,,,,,,,,,,,,,,,,,,,,,,,,,,
speaktoafinancialadvisor.com,http://speaktoafinancialadvisor.com/,,6,0,0.96,None,,,,,,,,,,,,,x,,,,,,,,,,,,,,,,,,,,,,,,,,
ilovelanguages.com,http://ilovelanguages.com/,,47,53,0.95,None,,,,,,,,x,,,,,,,,,,,,,,,,,,,,,,,,,,,,,,,
thewebdesignnetwork.com,https://thewebdesignnetwork.com/,https://www.thewebdesignnetwork.com/submit_web_designer.php,12,7,0.94,None,,,,,,,,,,,,,,,,,,,,,,,,,,,,,,,,,,,,,x,,
dirinsurance.net,http://www.dirinsurance.net/,https://www.dirinsurance.net/profile.php?mode=register,6,2,0.85,None,,,,,,,,,,,,,,,,,,,x,,,,,,,,,,,,,,,,,,,,
reifreeclassifieds.com,https://www.reifreeclassifieds.com/,,16,26,0.83,None,,,,,,,,,,,,,,,,,,,,,,,,,,,,,,x,,,,,,,,,
torontonaturalhealing.com,https://www.torontonaturalhealing.com/,,7,6,0.73,None,,,,,,,,,,,,,,,,,x,,,,,,,,,,,,,,,,,,,,,,
disco-directory.com,http://disco-directory.com/,https://www.disco-directory.com/add-review.asp?disco=3152,15,50,0.7,None,,,,,,,,,,,,,,,,,,,,,,,,x,,,,,,,,,,,,,,,
besteshoppy.com,http://besteshoppy.com/,,10,0,0.65,None,,,,,,,,,,,,,,,,,,,,,,,,,,,x,,,,,,,,,,,,
travel-niche.com,https://www.travel-niche.com/,,15,25,0.62,None,,,,,,,,,,,,,,,,,,,,,,,,,,,,,,,,,,,,x,,,
localapartmentfind.com,https://localapartmentfind.com/,,3,0,0.53,None,,,,,,,,,,,,,,,,,,,,,,,,,,,,,,x,,,,,,,,,
personallawyers.org,http://www.personallawyers.org/,,8,3,0.47,None,,,,,,,,,,,,,,,,,,,,x,,,,,,,,,,,,,,,,,,,
10startravels.com,http://www.10startravels.com/,http://www.10startravels.com/SubmitLink,16,28,0.45,None,,,,,,,,,,,,,,,,,,,,,,,,,,,,,,,,,,,,x,,,
searchloves.com,https://www.searchloves.com/,http://www.searchloves.com/submitsite.htm,12,2,0.39,None,,,,x,,,,,,,,,,,,,,,,,,,,,,,,,,,,,,,,,,,
directorytraveltourism.com,http://www.directorytraveltourism.com/Accommodation___Lodging/,http://www.directorytraveltourism.com/submit.php,13,50,0.38,None,,,,,,,,,,,,,,,,,,,,,,,,,,,,,,,,,,,,x,,,
hope4love.com,http://www.hope4love.com/,,8,1,0.37,None,,,,x,,,,,,,,,,,,,,,,,,,,,,,,,,,,,,,,,,,
financebreakthrough.com,http://financebreakthrough.com/,,8,0,0.35,None,,,,,,,,,,,,,x,,,,,,,,,,,,,,,,,,,,,,,,,,
blizzautolinks.com,http://blizzautolinks.com/,http://blizzautolinks.com/suggest-listing.php?id=478,12,1,0.35,None,x,,,,,,,,,,,,,,,,,,,,,,,,,,,,,,,,,,,,,,
justrealestate.org,http://justrealestate.org/,,22,44,0.34,None,,,,,,,,,,,,,,,,,,,,,,,,,,,,,,x,,,,,,,,,
indexedhealthinfo.com,http://indexedhealthinfo.com/,,9,27,0.32,None,,,,,,,,,,,,,,,,,x,,,,,,,,,,,,,,,,,,,,,,
all-blogs.net,https://www.all-blogs.net/,https://www.all-blogs.net/submit/,28,26,0.32,None,,,,,,,,,,,,,,,,,,,,,,,,,,,,,,,,,,,,x,,,
doriat.com,http://www.doriat.com/,,18,6,0.28,None,,,,,,,,,,,,,,,,,,,,,,,,,,,,,,,,,,,,x,,,
ctapda.com,http://www.ctapda.com/kids-and-teens/your-family/,,14,12,0.26,None,,,,,,,,,,,x,,,,,,,,,,,,,,,,,,,,,,,,,,,,
usinvestmentdirectory.com,http://www.usinvestmentdirectory.com/,,8,0,0.24,None,,,,,,,,,,,,,x,,,,,,,,,,,,,,,,,,,,,,,,,,
scottfinanzdirectory.com,http://scottfinanzdirectory.com/,,11,7,0.23,None,,,,,,,,,,,,,x,,,,,,,,,,,,,,,,,,,,,,,,,,
outdoorguide.net,http://www.outdoorguide.net/,,13,6,0.21,None,,,,,,,,,,,,,,,,,,,,,,,,,,x,,,,,,,,,,,,,
indexmotor.com,http://www.indexmotor.com/,,10,6,0.2,None,x,,,,,,,,,,,,,,,,,,,,,,,,,,,,,,,,,,,,,,
finanzdirectory.com,http://finanzdirectory.com/,,8,0,0.18,None,,,,,,,,,,,,,x,,,,,,,,,,,,,,,,,,,,,,,,,,
shopping5.com,http://www.shopping5.com/,,19,35,0.16,None,,,,,,,,,,,,,,,,,,,,,,,,,,,,,,,,,x,,,,,,
apetsdirectory.com,http://www.apetsdirectory.com/,,10,1,0.14,None,,,,,,,,,,,,,,,,,,,,,,,,,,,x,,,,,,,,,,,,
alligatordirectory.com,http://www.alligatordirectory.com/,https://www.alligatordirectory.com/submit.html,13,3,0.14,None,,,,,,,,,,,,,,,,x,,,,,,,,,,,,,,,,,,,,,,,
abireal.com,http://www.abireal.com/,,13,13,0.13,None,,,,,,,,,,,,,,,,,,,,,,,,,,,,,,x,,,,,,,,,
gatormoore.com,http://gatormoore.com/,http://gatormoore.com/suggest-listing.php?id=0,8,0,0.1,None,x,,,,,,,,,,,,,,,,,,,,,,,,,,,,,,,,,,,,,,
investorlinks.com,http://investorlinks.com/directory/,http://www.investorlinks.com/addlink/,25,31,0.09,None,,,,,,,,,,,,,x,,,,,,,,,,,,,,,,,,,,,,,,,,
listhouse.com,http://www.listhouse.com/,,7,0,0.08,None,,,,,,,,,,,,,,,,,,,,,,,,,,,,,,x,,,,,,,,,
besthealthreferences.com,http://besthealthreferences.com/,,9,1,0.07,None,,,,,,,,,,,,,,,,,x,,,,,,,,,,,,,,,,,,,,,,
travel-websites-directory.com,http://www.travel-websites-directory.com/,http://www.travel-websites-directory.com/request-inclusion/generic/,10,21,0.07,None,,,,,,,,,,,,,,,,,,,,,,,,,,,,,,,,,,,,x,,,
perfecteshopping.com,http://perfecteshopping.com/,,9,0,0.06,None,,,,,,,,,x,,,,,,,,,,,,,,,,,,,,,,,,,,,,,,
favorkeys.net,http://favorkeys.net/,,8,0,0.06,None,x,,,,,,,,,,,,,,,,,,,,,,,,,,,,,,,,,,,,,,
allnewspapers.info,http://www.allnewspapers.info/,,15,0,0.05,None,,,,,,,,,,,,,,,,,,,,,,,,,x,,,,,,,,,,,,,,
healthsitesrelated.com,http://healthsitesrelated.com/,,11,1,0.05,None,,,,,,,,,,,,,,,,,x,,,,,,,,,,,,,,,,,,,,,,
reviewyourfinance.com,http://reviewyourfinance.com/,,12,7,0.03,None,,,,,,,,,,,,,x,,,,,,,,,,,,,,,,,,,,,,,,,,
delaineisaac.com,http://delaineisaac.com/,,8,1,0.03,None,,,,,,,,,,,,,,,,,x,,,,,,,,,,,,,,,,,,,,,,
lawfather.com,http://lawfather.com/,,28,43,0.03,None,,,,,,,,,,,,,,,,,,,,x,,,,,,,,,,,,,,,,,,,
allpetwebsites.com,http://allpetwebsites.com/,,19,28,0.03,None,,,,,,,,,,,,,,,,,,,,,,,,,,,x,,,,,,,,,,,,
internationalrealestatedirectory.com,http://www.internationalrealestatedirectory.com/,http://www.internationalrealestatedirectory.com/submitsite.html,27,44,0.03,None,,,,,,,,,,,,,,,,,,,,,,,,,,,,,,x,,,,,,,,,
rosepetalestate.com,http://rosepetalestate.com/,,12,14,0.03,None,,,,,,,,,,,,,,,,,,,,,,,,,,,,,,x,,,,,,,,,
healthsitesjunction.com,http://healthsitesjunction.com/,http://healthsitesjunction.com/suggest-listing.php?id=135,9,0,0.02,None,,,,,,,,,,,,,,,,,x,,,,,,,,,,,,,,,,,,,,,,
directoryusalawyers.com,https://www.directoryusalawyers.com/,http://www.directoryusalawyers.com/submit.php?c=25,11,6,0.02,None,,,,,,,,,,,,,,,,,,,,x,,,,,,,,,,,,,,,,,,,
date-in-click.com,http://www.date-in-click.com/,http://www.date-in-click.com/submit.php,14,30,0.02,None,,,,x,,,,,,,,,,,,,,,,,,,,,,,,,,,,,,,,,,,
alternative-health-directory.net,https://www.alternative-health-directory.net/,https://www.alternative-health-directory.net/submit.php,12,1,0.02,None,,,,,,,,,,,,,,x,,,,,,,,,,,,,,,,,,,,,,,,,
findlocaldentist.net,https://findlocaldentist.net/,,3,0,0.02,None,,,,,,,,,,,,,,,,,,,,,,,,,,,,,,,,,,,,,,,
webdesigncompanydir.com,http://www.webdesigncompanydir.com/,,3,0,0.02,None,,,,,,,,,,,,,,,,,,,,,,,,,,,,,,,,,,,,,x,,
carandauto.com,http://www.carandauto.com/,https://www.carandauto.com/submit.php,19,12,0.01,None,x,,,,,,,,,,,,,,,,,,,,,,,,,,,,,,,,,,,,,,
thundersparks.net,http://thundersparks.net/,,11,0,0.01,None,x,,,,,,,,,,,,,,,,,,,,,,,,,,,,,,,,,,,,,,
therudysite.com,http://therudysite.com/,,10,0,0.01,None,x,,,,,,,,,,,,,,,,,,,,,,,,,,,,,,,,,,,,,,
healthglobaldirectory.com,http://healthglobaldirectory.com/,,11,1,0.01,None,,,,,x,,,,,,,,,,,,,,,,,,,,,,,,,,,,,,,,,,
ezfindwebdesign.com,http://www.ezfindwebdesign.com/,http://www.ezfindwebdesign.com/paid_listing.html,1,0,0.01,None,,,,,,,,,,,,,,,,,,,,,,,,,,,,,,,,,,,,,x,,
photographersusa.com,http://photographersusa.com/,,14,7,0.01,None,,,,,,,,,,,,,,,,,,,,,,,,,,,,x,,,,,,,,,,,
familyfriendlyrealtors.com,https://familyfriendlyrealtors.com/,,9,1,0.01,None,,,,,,,,,,,,,,,,,,,,,,,,,,,,,,x,,,,,,,,,
touristclick.com,http://www.touristclick.com/index.html,http://www.touristclick.com/submit.html,35,52,0.01,None,,,,,,,,,,,,,,,,,,,,,,,,,,,,,,,,,,,,x,,,
uanix.net,http://auto.uanix.net/,http://auto.uanix.net/add.php,10,7,0,None,x,,,,,,,,,,,,,,,,,,,,,,,,,,,,,,,,,,,,,,
motoringlinks.com,http://www.motoringlinks.com/,,8,0,0,None,x,,,,,,,,,,,,,,,,,,,,,,,,,,,,,,,,,,,,,,
bahiacar.com,http://www.bahiacar.com/725/Automotive/,,20,19,0,None,x,,,,,,,,,,,,,,,,,,,,,,,,,,,,,,,,,,,,,,
automobilewebdirectory.com,http://automobilewebdirectory.com/,,9,1,0,None,x,,,,,,,,,,,,,,,,,,,,,,,,,,,,,,,,,,,,,,
runchris.com,http://runchris.com/,,9,0,0,None,x,,,,,,,,,,,,,,,,,,,,,,,,,,,,,,,,,,,,,,
hummerautodirectory.com,http://hummerautodirectory.com/,,11,0,0,None,x,,,,,,,,,,,,,,,,,,,,,,,,,,,,,,,,,,,,,,
fridaycrm.com,https://www.fridaycrm.com/,,17,6,0,None,,x,,,,,,,,,,,,,,,,,,,,,,,,,,,,,,,,,,,,,
sitesfordate.com,http://mail.sitesfordate.com/,,14,36,0,None,,,,x,,,,,,,,,,,,,,,,,,,,,,,,,,,,,,,,,,,
financedirectoryonline.com,http://financedirectoryonline.com/,,8,0,0,None,,,,,,,,,,,,,x,,,,,,,,,,,,,,,,,,,,,,,,,,
financestairway.com,http://financestairway.com/,,9,0,0,None,,,,,,,,,,,,,x,,,,,,,,,,,,,,,,,,,,,,,,,,
financehunt.net,http://financehunt.net/,,8,0,0,None,,,,,,,,,,,,,x,,,,,,,,,,,,,,,,,,,,,,,,,,
financewhiteboard.com,http://financewhiteboard.com/,,9,0,0,None,,,,,,,,,,,,,x,,,,,,,,,,,,,,,,,,,,,,,,,,
globalfinancedirectory.com,http://globalfinancedirectory.com/,,8,0,0,None,,,,,,,,,,,,,x,,,,,,,,,,,,,,,,,,,,,,,,,,
landscapeyourfinance.com,http://landscapeyourfinance.com/,,8,0,0,None,,,,,,,,,,,,,x,,,,,,,,,,,,,,,,,,,,,,,,,,
leverageyourfinance.com,http://leverageyourfinance.com/,,9,0,0,None,,,,,,,,,,,,,x,,,,,,,,,,,,,,,,,,,,,,,,,,
multistoryedfinance.com,http://multistoryedfinance.com/,,9,0,0,None,,,,,,,,,,,,,x,,,,,,,,,,,,,,,,,,,,,,,,,,
portmancapitalpartners.com,http://portmancapitalpartners.com/,,14,10,0,None,,,,,,,,,,,,,x,,,,,,,,,,,,,,,,,,,,,,,,,,
venusfinancedirectory.com,http://venusfinancedirectory.com/,,11,5,0,None,,,,,,,,,,,,,x,,,,,,,,,,,,,,,,,,,,,,,,,,
financeblender.com,http://financeblender.com/,,8,0,0,None,,,,,,,,,,,,,x,,,,,,,,,,,,,,,,,,,,,,,,,,
financedmoz.com,http://financedmoz.com/,,8,0,0,None,,,,,,,,,,,,,x,,,,,,,,,,,,,,,,,,,,,,,,,,
all-products-services.com,http://www.all-products-services.com/,,14,27,0,None,,,,,,,,,,,,,,,,x,,,,,,,,,,,,,,,,,,,,,,,
neobacklinks.net,http://goaflam.neobacklinks.net/,https://www.besttopdir.neobacklinks.net/submit.php,58,6,0,None,,,,,,,,,,,,,,,,x,,,,,,,,,,,,,,,,,,,,,,,
healthdirectorymoz.com,http://www.healthdirectorymoz.com/,,16,48,0,None,,,,,,,,,,,,,,,,,x,,,,,,,,,,,,,,,,,,,,,,
enaturaltherapy.com,http://enaturaltherapy.com/,http://www.enaturaltherapy.com/submit.php,9,6,0,None,,,,,,,,,,,,,,,,,x,,,,,,,,,,,,,,,,,,,,,,
chiroinsight.com,http://chiroinsight.com/,,8,1,0,None,,,,,,,,,,,,,,,,,x,,,,,,,,,,,,,,,,,,,,,,
hoopforhealth.com,http://hoopforhealth.com/,,9,1,0,None,,,,,,,,,,,,,,,,,x,,,,,,,,,,,,,,,,,,,,,,
jackcole.net,http://jackcole.net/,,8,0,0,None,,,,,,,,,,,,,,,,,x,,,,,,,,,,,,,,,,,,,,,,
healthseodirectory.com,http://healthseodirectory.com/,,10,6,0,None,,,,,,,,,,,,,,,,,x,,,,,,,,,,,,,,,,,,,,,,
healthrelatedlinks.net,http://www.healthrelatedlinks.net/,,9,0,0,None,,,,,,,,,,,,,,,,,x,,,,,,,,,,,,,,,,,,,,,,
atozhealthdirectory.com,http://atozhealthdirectory.com/,,9,0,0,None,,,,,,,,,,,,,,,,,x,,,,,,,,,,,,,,,,,,,,,,
carefulhealthdirectory.com,http://carefulhealthdirectory.com/,,9,1,0,None,,,,,,,,,,,,,,,,,x,,,,,,,,,,,,,,,,,,,,,,
healthpointdirectory.com,http://healthpointdirectory.com/,,9,1,0,None,,,,,,,,,,,,,,,,,x,,,,,,,,,,,,,,,,,,,,,,
healthresourceslist.com,http://healthresourceslist.com/,,9,0,0,None,,,,,,,,,,,,,,,,,x,,,,,,,,,,,,,,,,,,,,,,
besthealthresources.net,http://besthealthresources.net/,,10,2,0,None,,,,,,,,,,,,,,,,,x,,,,,,,,,,,,,,,,,,,,,,
venushealthdirectory.com,http://venushealthdirectory.com/,,10,0,0,None,,,,,,,,,,,,,,,,,x,,,,,,,,,,,,,,,,,,,,,,
maxhealthdirectory.com,http://maxhealthdirectory.com/,,11,2,0,None,,,,,,,,,,,,,,,,,x,,,,,,,,,,,,,,,,,,,,,,
ehealthwebdirectory.com,http://ehealthwebdirectory.com/,,9,1,0,None,,,,,,,,,,,,,,,,,x,,,,,,,,,,,,,,,,,,,,,,
jouwweb.nl,http://injurylawyers.jouwweb.nl/,https://burnbery.jouwweb.nl/submit,61,85,0,None,,,,,,,,,,,,,,,,,,,,x,,,,,,,,,,,,,,,,,,,
uwstart.nl,https://personal-injury-lawyer.uwstart.nl/,,33,69,0,None,,,,,,,,,,,,,,,,,,,,x,,,,,,,,,,,,,,,,,,,
u2fansites.com,https://u2fansites.com/,,12,10,0,None,,,,,,,,,,,,,,,,,,,,,,,,x,,,,,,,,,,,,,,,
musichits.org,http://musichits.org/,,19,5,0,None,,,,,,,,,,,,,,,,,,,,,,,,x,,,,,,,,,,,,,,,
themainstreammedia.com,http://www.themainstreammedia.com/,,17,46,0,None,,,,,,,,,,,,,,,,,,,,,,,,,x,,,,,,,,,,,,,,
outdoordirectory.co.uk,http://outdoordirectory.co.uk/,,2,0,0,None,,,,,,,,,,,,,,,,,,,,,,,,,,x,,,,,,,,,,,,,
abydir.com,https://abydir.com/index.php?dat=cat18,,14,20,0,None,,,,,,,,,,,,,,,,,,,,,,,,,,,,,,x,,,,,,,,,
dpsbyals.com,https://www.dpsbyals.com/sports/,https://www.dpsbyals.com/add-url.htm,19,31,0,None,,,,,,,,,,,,,,,,,,,,,,,,,,,,,,,,,,x,,,,,
top20engineering.com,https://www.top20engineering.com/,,11,2,0,None,,,,,,,,,,,,,,,,,,,,,,,,,,,,,,,,,,,x,,,,
worldoftraveling.com,http://www.worldoftraveling.com/,,19,4,0,None,,,,,,,,,,,,,,,,,,,,,,,,,,,,,,,,,,,,x,,,
beachybride.com,https://www.beachybride.com/,,9,4,0,None,,,,,,,,,,,,,,,,,,,,,,,,,,,,,,,,,,,,,,x,
centraloregonweddings.com,https://www.centraloregonweddings.com/,,16,27,0,None,,,,,,,,,,,,,,,,,,,,,,,,,,,,,,,,,,,,,,x,
weddingcategory.com,http://www.weddingcategory.com/,http://www.weddingcategory.com/addsite.php,11,2,0,None,,,,,,,,,,,,,,,,,,,,,,,,,,,,,,,,,,,,,,x,
theaisleweddingdirectory.com,https://www.theaisleweddingdirectory.com/,,7,0,0,None,,,,,,,,,,,,,,,,,,,,,,,,,,,,,,,,,,,,,,x,
allfinancedirectory.com,https://allfinancedirectory.com/,https://www.allfinancedirectory.com/business-directory/?wpbdp_view=submit_listing,17,39,0,None,,,,,,,,,,,,,x,,,,,,,,,,,,,,,,,,,,,,,,,,
best-financial-directory.com,http://best-financial-directory.com/,http://www.best-financial-directory.com/submit-site.html,12,6,0,None,,,,,,,,,,,,,x,,,,,,,,,,,,,,,,,,,,,,,,,,
infoxia.com,https://infoxia.com/,,10,2,0,None,,,,,,,,,,,,,x,,,,,,,,,,,,,,,,,,,,,,,,,,
financialreferences.com,http://financialreferences.com/,,8,0,0,None,,,,,,,,,,,,,x,,,,,,,,,,,,,,,,,,,,,,,,,,
caida.eu,http://caida.eu/,http://www.caida.eu/submit.php,16,39,0,None,,,,,,,,,,,,,,,,x,,,,,,,,,,,,,,,,,,,,,,,
healthigg.com,http://healthigg.com/,https://www.healthigg.com/submit.php,18,8,0,None,,,,,,,,,,,,,,,,,x,,,,,,,,,,,,,,,,,,,,,,
globaldatingdirectory.com,http://www.globaldatingdirectory.com/,,7,2,0,None,,,,x,,,,,,,,,,,,,,,,,,,,,,,,,,,,,,,,,,,
diegobernard.com,http://diegobernard.com/,,9,1,0,None,,,,,,,,,,,,,,,,,x,,,,,,,,,,,,,,,,,,,,,,
freedating-sites.com,http://freedating-sites.com/,http://www.freedating-sites.com/submit.html,13,51,0,None,,,,x,,,,,,,,,,,,,,,,,,,,,,,,,,,,,,,,,,,
cinemaspot.com,http://cinemaspot.com/,,25,26,0,None,,,,,,,,,x,,,,,,,,,,,,,,,,,,,,,,,,,,,,,,
amusementequipmentdirectory.com,https://amusementequipmentdirectory.com/index.php,,15,5,0,None,,,,,,,,,x,,,,,,,,,,,,,,,,,,,,,,,,,,,,,,
elawyers.info,https://elawyers.info/,,1,48,0,None,,,,,,,,,,,,,,,,,,,,x,,,,,,,,,,,,,,,,,,,
site-by-site.com,http://site-by-site.com/,http://www.site-by-site.com/submit.htm,39,34,0,None,,,,,,,,,,,,,x,,,,,,,,,,,,,,,,,,,,,,,,,,
geodentist.com,http://geodentist.com/,,14,26,0,None,,,,,,,,,,,,,,,,,,,,,,,,,,,,,,,,,,,,,,,
finance-central.co.uk,http://finance-central.co.uk/,,15,19,0,None,,,,,,,,,,,,,x,,,,,,,,,,,,,,,,,,,,,,,,,,
magician-directory.com,http://magician-directory.com/Magician-Directory.htm,,24,41,0,None,,,,,,,,,x,,,,,,,,,,,,,,,,,,,,,,,,,,,,,,
deaflinx.com,http://deaflinx.com/,,38,47,0,None,,,,,,,,,,,,,,,,,x,,,,,,,,,,,,,,,,,,,,,,
designdir.net,http://www.designdir.net/,http://www.designdir.net/submit.php,17,43,0,None,,,,,,,,,,,,,,,,,,,,,,,,,,,,,,,,,,,,,x,,
professionalwebdesigndirectory.com,http://www.professionalwebdesigndirectory.com/,,10,48,0,None,,,,,,,,,,,,,,,,,,,,,,,,,,,,,,,,,,,,,x,,
webdesignersbystate.com,http://www.webdesignersbystate.com/,,13,25,0,None,,,,,,,,,,,,,,,,,,,,,,,,,,,,,,,,,,,,,x,,
weddingplannerlove.com,http://weddingplannerlove.com/,,19,6,0,None,,,,,,,,,,,,,,,,,,,,,,,,,,,,,,,,,,,,,,x,
petclue.com,http://petclue.com/,http://www.petclue.com/advertise.php,14,16,0,None,,,,,,,,,,,,,,,,,,,,,,,,,,,x,,,,,,,,,,,,
petjunction.us,http://petjunction.us/,,10,2,0,None,,,,,,,,,,,,,,,,,,,,,,,,,,,x,,,,,,,,,,,,
apetdirectory.com,http://www.apetdirectory.com/,,11,4,0,None,,,,,,,,,,,,,,,,,,,,,,,,,,,x,,,,,,,,,,,,
finddogdaycare.com,http://www.finddogdaycare.com/,,1,0,0,None,,,,,,,,,,,,,,,,,,,,,,,,,,,x,,,,,,,,,,,,
wedding-photographers-directory.com,http://wedding-photographers-directory.com/,,18,24,0,None,,,,,,,,,,,,,,,,,,,,,,,,,,,,x,,,,,,,,,,,
photography-directory.org,http://www.photography-directory.org/,,14,26,0,None,,,,,,,,,,,,,,,,,,,,,,,,,,,,x,,,,,,,,,,,
weddingphotographerdirectory.com,http://www.weddingphotographerdirectory.com/,,9,1,0,None,,,,,,,,,,,,,,,,,,,,,,,,,,,,x,,,,,,,,,,,
bestrealtydirectory.com,http://bestrealtydirectory.com/,,12,0,0,None,,,,,,,,,,,,,,,,,,,,,,,,,,,,,,x,,,,,,,,,
directoryrealestateagent.com,http://directoryrealestateagent.com/,http://www.directoryrealestateagent.com/submit.htm,16,23,0,None,,,,,,,,,,,,,,,,,,,,,,,,,,,,,,x,,,,,,,,,
goodnewsrealty.net,http://goodnewsrealty.net/,,9,0,0,None,,,,,,,,,,,,,,,,,,,,,,,,,,,,,,x,,,,,,,,,
netsavvyagent.com,http://www.netsavvyagent.com/,,14,23,0,None,,,,,,,,,,,,,,,,,,,,,,,,,,,,,,x,,,,,,,,,
realestate4.com,http://www.realestate4.com/,http://www.realestate4.com/submitsite.htm,19,37,0,None,,,,,,,,,,,,,,,,,,,,,,,,,,,,,,x,,,,,,,,,
realestateabc2.com,https://realestateabc2.com/,,13,8,0,None,,,,,,,,,,,,,,,,,,,,,,,,,,,,,,x,,,,,,,,,
realestateagent-listings.com,http://realestateagent-listings.com/,,10,7,0,None,,,,,,,,,,,,,,,,,,,,,,,,,,,,,,x,,,,,,,,,
realestatecorporate.com,http://realestatecorporate.com/,http://www.realestatecorporate.com/submit.htm,4,1,0,None,,,,,,,,,,,,,,,,,,,,,,,,,,,,,,x,,,,,,,,,
realtynest.net,http://realtynest.net/,,12,0,0,None,,,,,,,,,,,,,,,,,,,,,,,,,,,,,,x,,,,,,,,,
travelmediakit.com,http://www.travelmediakit.com/,,21,0,0,None,,,,,,,,,,,,,,,,,,,,,,,,,,,,,,,,,,,,x,,,